76,admin_T1_1_240604-08:46:49.461803.json,2024-06-04 08:46:50.196000,2024-06-04 08:46:50.438000,0.242,T1,1,
77,admin_T1_1_240604-08:57:33.281789.json,2024-06-04 08:57:35.484000,2024-06-04 08:57:35.735000,0.251,T1,1,
78,admin_T1_1_240604-09:12:06.630511.json,2024-06-04 09:12:08.665000,2024-06-04 09:12:08.905000,0.24,T1,1,
79,admin_T1_1000_240604-09:24:26.164880.json,2024-06-04 09:24:26.883000,2024-06-04 09:24:27.786000,0.903,T1,1000,
80,admin_T1_1000_240604-09:24:32.224142.json,2024-06-04 09:24:32.764000,2024-06-04 09:24:33.654000,0.89,T1,1000,
81,admin_T1_1000_240604-09:34:49.099618.json,2024-06-04 09:34:51.283000,2024-06-04 09:34:52.418000,1.135,T1,1000,
82,admin_T1_1000_240604-09:45:21.822410.json,2024-06-04 09:45:22.457000,2024-06-04 09:45:23.571000,1.114,T1,1000,
86,admin_T1_1000_240605-07:54:27.197540.json,2024-06-05 07:54:29.611000,2024-06-05 07:54:30.554000,0.943,T1,1000,
87,admin_T1_1000_240605-08:05:00.323248.json,2024-06-05 08:05:04.098000,2024-06-05 08:05:05.358000,1.26,T1,1000,
88,admin_T1_1000_240605-08:09:32.168905.json,2024-06-05 08:09:34.626000,2024-06-05 08:09:36.016000,1.39,T1,1000,
89,admin_T1_1000_240605-09:03:53.867805.json,2024-06-05 09:03:56.104000,2024-06-05 09:03:57.206000,1.102,T1,1000,
90,admin_T1_1000_240605-09:05:00.281433.json,2024-06-05 09:05:02.525000,2024-06-05 09:05:03.639000,1.114,T1,1000,
91,admin_T1_1000_240605-09:26:17.142542.json,2024-06-05 09:26:19.404000,2024-06-05 09:26:20.529000,1.125,T1,1000,
92,admin_T1_1000_240605-10:05:00.232839.json,2024-06-05 10:05:02.471000,2024-06-05 10:05:03.572000,1.101,T1,1000,
93,admin_T1_1000_240605-10:13:03.797439.json,2024-06-05 10:13:05.915000,2024-06-05 10:13:07.202000,1.287,T1,1000,
94,admin_T2_10000_240605-11:05:02.316354.json,2024-06-05 11:05:04.966000,2024-06-05 11:05:12.768000,7.802,T2,10000,
95,admin_T3_1000_240605-12:53:52.901641.json,2024-06-05 12:53:55.868000,2024-06-05 12:53:56.968000,1.1,T3,1000,ea21b3e8-a515-45a1-83cd-25139453e663
96,admin_T3_1000_240605-13:00:00.283518.json,2024-06-05 13:00:00.909000,2024-06-05 13:00:02.225000,1.316,T3,1000,23987434-2637-4673-a017-fc899ed76423
97,admin_T3_1000_240605-13:01:00.239123.json,2024-06-05 13:01:00.758000,2024-06-05 13:01:01.899000,1.141,T3,1000,230f1763-33f9-43ff-87a0-569e14d9b6a9
98,admin_T3_1000_240605-13:02:00.236587.json,2024-06-05 13:02:00.763000,2024-06-05 13:02:01.839000,1.076,T3,1000,c84d3b66-9390-4b40-bd80-e064986ee09c
99,admin_T3_1000_240605-13:03:00.238933.json,2024-06-05 13:03:00.780000,2024-06-05 13:03:01.864000,1.084,T3,1000,6186322b-6de3-4dc2-86cf-26a059da5396
100,admin_T3_1000_240605-13:04:00.236775.json,2024-06-05 13:04:00.799000,2024-06-05 13:04:01.856000,1.057,T3,1000,adcd1edd-3000-4868-814c-51237ec1a338
101,admin_T3_1000_240605-13:05:00.536370.json,2024-06-05 13:05:02.757000,2024-06-05 13:05:03.422000,0.665,T3,1000,98254416-dc85-4c66-8b4c-74a8c5abd35f
102,admin_T3_1000_240605-13:06:00.234112.json,2024-06-05 13:06:00.736000,2024-06-05 13:06:01.412000,0.676,T3,1000,6b78484e-37a7-43d0-8215-fa75362f11c6
103,admin_T3_1000_240605-13:07:00.267209.json,2024-06-05 13:07:00.832000,2024-06-05 13:07:01.474000,0.642,T3,1000,a19dc266-88bd-450a-afb5-3e66d12cc976
104,admin_T3_1000_240605-13:08:00.289732.json,2024-06-05 13:08:00.849000,2024-06-05 13:08:01.427000,0.578,T3,1000,a0c846c1-0af6-4e81-bc0b-4b39109e9436
105,admin_T3_1000_240605-13:09:00.261904.json,2024-06-05 13:09:00.773000,2024-06-05 13:09:01.442000,0.669,T3,1000,005e731d-abe3-4cde-af33-3b129ce4605a
106,admin_T3_1000_240605-13:10:00.238303.json,2024-06-05 13:10:00.824000,2024-06-05 13:10:01.532000,0.708,T3,1000,75b45989-6c0e-4c6f-93d7-cb99b70a8a3d
107,admin_T3_1000_240605-13:11:00.232040.json,2024-06-05 13:11:00.802000,2024-06-05 13:11:01.390000,0.588,T3,1000,f3fc6e7a-0433-4eb3-b8bf-8b23e6e58aad
108,admin_T3_1000_240605-13:12:00.237793.json,2024-06-05 13:12:00.831000,2024-06-05 13:12:01.471000,0.64,T3,1000,8f2655d0-3510-43ab-b9e1-41cccdff28a5
109,admin_T3_1000_240605-13:13:00.316814.json,2024-06-05 13:13:00.799000,2024-06-05 13:13:01.364000,0.565,T3,1000,17923ad3-531f-436b-a2f7-2e551ea6fdbb
110,admin_T3_1000_240605-13:14:00.235835.json,2024-06-05 13:14:00.771000,2024-06-05 13:14:01.365000,0.594,T3,1000,f0bf24ee-2476-42d8-912b-fe09c245fcbb
111,admin_T3_1000_240605-13:15:00.235632.json,2024-06-05 13:15:00.727000,2024-06-05 13:15:01.343000,0.616,T3,1000,39864a89-a074-4291-82f1-1a0035c10697
112,admin_T3_1000_240605-13:16:00.236180.json,2024-06-05 13:16:02.618000,2024-06-05 13:16:03.270000,0.652,T3,1000,3388c229-01a5-4c6f-8568-06c59792e5c2
113,admin_T3_1000_240605-13:17:00.230091.json,2024-06-05 13:17:00.784000,2024-06-05 13:17:01.375000,0.591,T3,1000,82352837-9da2-460d-8cd0-f98c9d0277ca
114,admin_T3_1000_240605-13:18:00.410004.json,2024-06-05 13:18:00.986000,2024-06-05 13:18:01.592000,0.606,T3,1000,a3579e44-02be-4a82-ad8b-4fa74cd30a0e
115,admin_T3_1000_240605-13:19:00.260235.json,2024-06-05 13:19:00.746000,2024-06-05 13:19:01.296000,0.55,T3,1000,2068e1a3-3592-4fe4-b5d7-8027ff2fc596
116,admin_T3_1000_240605-13:20:00.232217.json,2024-06-05 13:20:00.717000,2024-06-05 13:20:01.342000,0.625,T3,1000,cdd8adc2-9006-498b-9e6e-f135552b4fdf
117,admin_T3_1000_240605-13:21:00.234818.json,2024-06-05 13:21:00.798000,2024-06-05 13:21:01.361000,0.563,T3,1000,0dd9c5e2-24f6-418f-94e8-1b189a2e267f
118,admin_T3_1000_240605-13:22:00.235298.json,2024-06-05 13:22:00.758000,2024-06-05 13:22:01.320000,0.562,T3,1000,2b83035f-bc2a-460a-8e2a-b45a75781eca
119,admin_T3_1000_240605-13:23:00.236208.json,2024-06-05 13:23:00.706000,2024-06-05 13:23:01.269000,0.563,T3,1000,c0a50161-cbbf-4d3f-bcc1-b5f42ea09cc9
120,admin_T3_1000_240605-13:24:00.238555.json,2024-06-05 13:24:00.768000,2024-06-05 13:24:01.304000,0.536,T3,1000,08f13ec7-aacf-416e-a99e-3c084246038e
121,admin_T3_1000_240605-13:25:00.231722.json,2024-06-05 13:25:00.800000,2024-06-05 13:25:01.460000,0.66,T3,1000,862f81bf-c233-47f0-b041-3aa006790113
122,admin_T3_1000_240605-13:26:00.238301.json,2024-06-05 13:26:00.811000,2024-06-05 13:26:01.346000,0.535,T3,1000,cc7bad60-3cc5-42d0-953c-5464d699b520
123,admin_T3_1000_240605-13:27:00.229102.json,2024-06-05 13:27:00.810000,2024-06-05 13:27:01.318000,0.508,T3,1000,9a38650a-422e-47d2-988c-7d3b28e1eb61
124,admin_T3_1000_240605-13:28:00.235153.json,2024-06-05 13:28:00.775000,2024-06-05 13:28:01.371000,0.596,T3,1000,d8b903c2-fa7d-4b9d-9b33-d514abee2e1d
125,admin_T3_1000_240605-13:29:00.231880.json,2024-06-05 13:29:02.290000,2024-06-05 13:29:03.436000,1.146,T3,1000,8ed86326-4959-4540-9671-2480f8953114
126,admin_T3_1000_240605-13:30:00.231218.json,2024-06-05 13:30:00.815000,2024-06-05 13:30:02.093000,1.278,T3,1000,6c3552d6-b088-4787-9f1b-8dbbeafd7ade
127,admin_T3_1000_240605-13:31:00.234313.json,2024-06-05 13:31:00.817000,2024-06-05 13:31:01.894000,1.077,T3,1000,b04b8849-0b0a-436c-9866-bafc544a138d
128,admin_T3_1000_240605-13:32:00.232904.json,2024-06-05 13:32:00.762000,2024-06-05 13:32:01.868000,1.106,T3,1000,b0d025fe-efbb-402c-b8a3-27d43e5a544f
129,admin_T3_1000_240605-13:33:00.232183.json,2024-06-05 13:33:00.771000,2024-06-05 13:33:02.002000,1.231,T3,1000,7f637316-a759-441f-bd90-3a5d756663ed
130,admin_T3_1000_240605-13:34:00.233723.json,2024-06-05 13:34:00.838000,2024-06-05 13:34:01.889000,1.051,T3,1000,334a286f-2a3d-4cdf-a6ed-2d3323390d69
131,admin_T3_1000_240605-13:35:00.262395.json,2024-06-05 13:35:00.751000,2024-06-05 13:35:01.836000,1.085,T3,1000,74d0f273-9ec8-4a75-85a7-2da2da8eb59c
132,admin_T3_1000_240605-13:36:00.259010.json,2024-06-05 13:36:00.790000,2024-06-05 13:36:01.939000,1.149,T3,1000,43c95b78-0191-44f2-a423-bd20ca2c06fe
133,admin_T3_1000_240605-13:37:00.229403.json,2024-06-05 13:37:00.706000,2024-06-05 13:37:01.779000,1.073,T3,1000,9e302e53-7463-42ec-9e51-6be3bb2c23b5
134,admin_T3_1000_240605-13:38:00.234730.json,2024-06-05 13:38:00.771000,2024-06-05 13:38:01.844000,1.073,T3,1000,e46be5af-bdcd-4abf-a749-22d1b6b9bd31
135,admin_T3_1000_240605-13:39:00.230647.json,2024-06-05 13:39:00.749000,2024-06-05 13:39:01.896000,1.147,T3,1000,13302347-a874-4b06-ad28-817085a58e7c
136,admin_T3_1000_240605-13:40:00.231935.json,2024-06-05 13:40:02.760000,2024-06-05 13:40:03.837000,1.077,T3,1000,67a43110-9901-4bee-81a3-e862fe8e2359
137,admin_T3_1000_240605-13:41:00.231262.json,2024-06-05 13:41:00.819000,2024-06-05 13:41:01.877000,1.058,T3,1000,64723667-a0e4-4d68-97a9-56c4a7843120
138,admin_T3_1000_240605-13:42:00.233357.json,2024-06-05 13:42:00.730000,2024-06-05 13:42:01.782000,1.052,T3,1000,710e9700-4c7e-4da9-bae3-fb8613db3911
139,admin_T3_1000_240605-13:43:00.237635.json,2024-06-05 13:43:00.826000,2024-06-05 13:43:01.991000,1.165,T3,1000,3e73d527-b5fc-4832-8122-dd76641bee6b
140,admin_T3_1000_240605-13:44:00.239480.json,2024-06-05 13:44:00.819000,2024-06-05 13:44:02.084000,1.265,T3,1000,063cb7f0-01c7-4646-949b-ca64e82801ff
141,admin_T3_1000_240605-13:45:00.258136.json,2024-06-05 13:45:00.724000,2024-06-05 13:45:01.882000,1.158,T3,1000,83501113-e319-461b-8fd1-6a13139df7aa
142,admin_T3_1000_240605-13:46:00.237296.json,2024-06-05 13:46:00.810000,2024-06-05 13:46:01.849000,1.039,T3,1000,11081597-3912-42f8-b1a3-e1f606c1f256
143,admin_T3_1000_240605-13:47:00.229604.json,2024-06-05 13:47:00.755000,2024-06-05 13:47:01.762000,1.007,T3,1000,dc25da63-c6bd-43bc-9be2-103320ed1ef4
144,admin_T3_1000_240605-13:48:00.235034.json,2024-06-05 13:48:00.827000,2024-06-05 13:48:01.870000,1.043,T3,1000,a010d83d-2acd-4327-ba8d-7c6b0d94d335
145,admin_T3_1000_240605-13:49:00.233294.json,2024-06-05 13:49:00.797000,2024-06-05 13:49:01.848000,1.051,T3,1000,6deda763-9ac3-464b-861a-b2b23d048707
146,admin_T3_1000_240605-13:50:00.233002.json,2024-06-05 13:50:00.783000,2024-06-05 13:50:01.962000,1.179,T3,1000,1d321c13-c12e-44b6-8a32-34613a71e256
147,admin_T3_1000_240605-13:51:00.229875.json,2024-06-05 13:51:00.852000,2024-06-05 13:51:01.879000,1.027,T3,1000,4dc4bb32-f2bd-4b9f-ad7e-f66a6fb38413
148,admin_T3_1000_240605-13:52:00.238052.json,2024-06-05 13:52:00.819000,2024-06-05 13:52:01.881000,1.062,T3,1000,bb689071-bdac-4189-b84b-bf9eb193b175
149,admin_T3_1000_240605-13:53:00.290020.json,2024-06-05 13:53:00.818000,2024-06-05 13:53:01.842000,1.024,T3,1000,d23e8895-f853-46e7-8a78-c30a975288e9
150,admin_T3_1000_240605-13:54:00.235429.json,2024-06-05 13:54:00.768000,2024-06-05 13:54:02.023000,1.255,T3,1000,a2e34776-bebd-4a43-8393-f526e432519a
151,admin_T3_1000_240605-13:55:00.228819.json,2024-06-05 13:55:00.770000,2024-06-05 13:55:01.875000,1.105,T3,1000,972243be-bca6-434f-bde9-5d74224f9a71
152,admin_T3_1000_240605-13:56:00.231516.json,2024-06-05 13:56:00.805000,2024-06-05 13:56:01.888000,1.083,T3,1000,51b71aca-12a5-42a7-849f-b5982b9f884a
153,admin_T3_1000_240605-13:57:00.261954.json,2024-06-05 13:57:00.759000,2024-06-05 13:57:01.821000,1.062,T3,1000,3275fb1b-db79-4a9e-8b3b-2a85a4ae1986
154,admin_T3_1000_240605-13:58:00.258310.json,2024-06-05 13:58:00.794000,2024-06-05 13:58:01.787000,0.993,T3,1000,abc34b89-8770-492b-95a3-73ab9244671d
155,admin_T3_1000_240605-13:59:00.270502.json,2024-06-05 13:59:00.816000,2024-06-05 13:59:01.879000,1.063,T3,1000,ffeaf614-d69a-4504-869f-47767ad68b40
156,admin_T4_1_240605-14:44:37.073606.json,2024-06-05 14:44:39.213000,2024-06-05 14:44:39.384000,0.171,T4,1,308ac2f1-bb8e-41fc-b7c2-980d81b48935
157,admin_T4_1_240605-14:44:38.035547.json,2024-06-05 14:44:40.081000,2024-06-05 14:44:40.162000,0.081,T4,1,38227900-2347-4e33-adcd-335f2ddd3d3a
158,admin_T4_1_240605-14:44:40.033421.json,2024-06-05 14:44:40.537000,2024-06-05 14:44:40.628000,0.091,T4,1,1b4fe990-9c33-4e75-980d-334bec406a04
159,admin_T4_1_240605-14:44:39.033427.json,2024-06-05 14:44:41.172000,2024-06-05 14:44:41.362000,0.19,T4,1,b4b9cb2f-d268-492b-ae09-845e51f31490
160,admin_T4_1_240605-14:44:41.032339.json,2024-06-05 14:44:41.470000,2024-06-05 14:44:41.531000,0.061,T4,1,5c8222d6-cc31-402b-b827-4e97ecc7e3fc
161,admin_T4_1_240605-14:44:42.032593.json,2024-06-05 14:44:42.522000,2024-06-05 14:44:42.581000,0.059,T4,1,5873fd0c-f13b-4169-8aac-b135fe7cc784
162,admin_T4_1_240605-14:44:43.035286.json,2024-06-05 14:44:43.567000,2024-06-05 14:44:43.640000,0.073,T4,1,20fcab15-2c32-447e-9b3d-584e969c24db
163,admin_T4_1_240605-14:44:44.069662.json,2024-06-05 14:44:44.604000,2024-06-05 14:44:44.721000,0.117,T4,1,d251cd36-a93b-485c-87a0-bb86c90181fc
164,admin_T4_1_240605-14:44:45.049397.json,2024-06-05 14:44:45.515000,2024-06-05 14:44:45.592000,0.077,T4,1,fd14d01a-7082-44e6-8123-c037e258fd8b
165,admin_T4_1_240605-14:44:46.034657.json,2024-06-05 14:44:46.545000,2024-06-05 14:44:46.612000,0.067,T4,1,5c915a6a-497e-4553-b965-a13430172bd5
166,admin_T4_1_240605-14:44:47.060954.json,2024-06-05 14:44:47.515000,2024-06-05 14:44:47.567000,0.052,T4,1,934081a6-f464-459f-a6d6-06c36f7cbf4c
167,admin_T4_1_240605-14:44:48.035335.json,2024-06-05 14:44:48.503000,2024-06-05 14:44:48.578000,0.075,T4,1,c3987740-8851-4674-9a99-c3b2923c38de
168,admin_T4_1_240605-14:44:49.035795.json,2024-06-05 14:44:49.526000,2024-06-05 14:44:49.622000,0.096,T4,1,329dbd52-46de-4c8f-8feb-a7802fb7e620
169,admin_T4_1_240605-14:44:50.034295.json,2024-06-05 14:44:50.541000,2024-06-05 14:44:50.587000,0.046,T4,1,40c25bb5-8fb3-4546-a604-57960d5f91f8
170,admin_T4_1_240605-14:44:51.034938.json,2024-06-05 14:44:51.545000,2024-06-05 14:44:51.606000,0.061,T4,1,d4191a79-b421-4ef7-968b-a783977b59e8
171,admin_T4_1_240605-14:44:52.033004.json,2024-06-05 14:44:52.542000,2024-06-05 14:44:52.591000,0.049,T4,1,a58dd3c9-e264-42a2-bb0f-28c098d01115
172,admin_T4_1_240605-14:44:53.036264.json,2024-06-05 14:44:53.557000,2024-06-05 14:44:53.623000,0.066,T4,1,85db68a8-3c92-49f1-8c2c-8687ed86c47f
173,admin_T4_1_240605-14:44:54.034102.json,2024-06-05 14:44:54.536000,2024-06-05 14:44:54.585000,0.049,T4,1,e0d58cb3-d125-4558-9617-819f22b804ab
174,admin_T4_1_240605-14:44:55.037254.json,2024-06-05 14:44:55.561000,2024-06-05 14:44:55.623000,0.062,T4,1,f57ebae6-618e-4f6b-8a63-e8d70ff34b97
175,admin_T4_1_240605-14:44:56.034338.json,2024-06-05 14:44:56.542000,2024-06-05 14:44:56.598000,0.056,T4,1,9f11293e-10fb-4018-ae20-785fedc76be8
176,admin_T4_1_240605-14:44:57.035627.json,2024-06-05 14:44:57.499000,2024-06-05 14:44:57.577000,0.078,T4,1,6488cd37-f087-492d-8ea4-40caeacd941b
177,admin_T4_1_240605-14:44:58.035405.json,2024-06-05 14:44:58.528000,2024-06-05 14:44:58.585000,0.057,T4,1,c0da3391-1e73-46a5-9363-685c8fe6ccb2
178,admin_T4_1_240605-14:44:59.035205.json,2024-06-05 14:44:59.464000,2024-06-05 14:44:59.512000,0.048,T4,1,299deb12-2b78-4ab9-87dd-aec591cca333
179,admin_T4_1_240605-14:45:00.033789.json,2024-06-05 14:45:00.560000,2024-06-05 14:45:00.626000,0.066,T4,1,93f11a4e-3ef8-4d84-ba7c-922c6e02d080
180,admin_T4_1_240605-14:45:01.034639.json,2024-06-05 14:45:01.500000,2024-06-05 14:45:01.553000,0.053,T4,1,603429b6-26b4-4ee0-b6f3-9a2b480eeadf
181,admin_T4_1_240605-14:45:02.031839.json,2024-06-05 14:45:02.493000,2024-06-05 14:45:02.571000,0.078,T4,1,71e114bb-bc96-4c18-9254-a3af457af24f
182,admin_T4_1_240605-14:45:03.036177.json,2024-06-05 14:45:03.559000,2024-06-05 14:45:03.616000,0.057,T4,1,b04d17f2-3344-482b-a632-119962ff781e
183,admin_T4_1_240605-14:45:04.033613.json,2024-06-05 14:45:04.511000,2024-06-05 14:45:04.569000,0.058,T4,1,cbc3440b-3d6d-4fd3-ab5e-c1e9ace1d3bb
184,admin_T4_1_240605-14:45:05.035831.json,2024-06-05 14:45:05.511000,2024-06-05 14:45:05.561000,0.05,T4,1,ed752e1c-37c3-4b83-bd63-b0ff74e64efc
185,admin_T4_1_240605-14:45:06.034895.json,2024-06-05 14:45:06.548000,2024-06-05 14:45:06.622000,0.074,T4,1,112092e8-af27-4c75-81f7-9201f6058b4e
186,admin_T4_1_240605-14:45:07.034962.json,2024-06-05 14:45:07.549000,2024-06-05 14:45:07.619000,0.07,T4,1,55197820-096e-4241-9d4a-7b2c4d970975
187,admin_T4_1_240605-14:45:08.035180.json,2024-06-05 14:45:08.513000,2024-06-05 14:45:08.577000,0.064,T4,1,e67dc4c0-209b-41e3-818b-9c8ccd1200fa
188,admin_T4_1_240605-14:45:09.032717.json,2024-06-05 14:45:09.564000,2024-06-05 14:45:09.624000,0.06,T4,1,24f0a988-d658-4ac9-8439-d378fa792550
189,admin_T4_1_240605-14:45:10.034562.json,2024-06-05 14:45:10.511000,2024-06-05 14:45:10.568000,0.057,T4,1,746cdd41-b0cf-4d63-9e1a-02e2dee2c7c8
190,admin_T4_1_240605-14:45:11.034313.json,2024-06-05 14:45:11.480000,2024-06-05 14:45:11.618000,0.138,T4,1,b23e8028-dd99-45b1-bf55-ed0dfb7ff961
191,admin_T4_1_240605-14:45:12.032483.json,2024-06-05 14:45:12.593000,2024-06-05 14:45:12.707000,0.114,T4,1,39b380ba-209d-4179-85f1-b940b33b54a9
192,admin_T4_1_240605-14:45:13.036325.json,2024-06-05 14:45:13.526000,2024-06-05 14:45:13.646000,0.12,T4,1,43bee6e8-6505-4c0e-b5fa-2ec7f07f07e0
193,admin_T4_1_240605-14:45:14.034281.json,2024-06-05 14:45:14.543000,2024-06-05 14:45:14.603000,0.06,T4,1,78ecd841-117c-4f69-8b2a-6710cf08f4ec
194,admin_T4_1_240605-14:45:15.034511.json,2024-06-05 14:45:15.578000,2024-06-05 14:45:15.641000,0.063,T4,1,9d5a5873-e34c-4c54-9149-83b5369edaff
195,admin_T4_1_240605-14:45:16.034371.json,2024-06-05 14:45:16.527000,2024-06-05 14:45:16.593000,0.066,T4,1,72172735-2457-43ad-947b-cd72465c0b86
196,admin_T4_1_240605-14:45:17.073479.json,2024-06-05 14:45:17.558000,2024-06-05 14:45:17.627000,0.069,T4,1,6423d6fd-b531-4c6a-9ba5-9c3f964136c0
197,admin_T4_1_240605-14:45:18.034998.json,2024-06-05 14:45:18.530000,2024-06-05 14:45:18.612000,0.082,T4,1,11655aac-628a-43aa-b163-71450bbc00e1
198,admin_T4_1_240605-14:45:19.034644.json,2024-06-05 14:45:19.571000,2024-06-05 14:45:19.653000,0.082,T4,1,9ead0ad3-6d0b-44f3-9042-8ac09addefbe
199,admin_T4_1_240605-14:45:20.034040.json,2024-06-05 14:45:20.572000,2024-06-05 14:45:20.628000,0.056,T4,1,0d1af98a-dc86-43ca-a33f-89f667d162ec
200,admin_T4_1_240605-14:45:21.035476.json,2024-06-05 14:45:21.580000,2024-06-05 14:45:21.642000,0.062,T4,1,3ab63c20-fdf8-47a8-87ad-b8df3dc6a8ef
201,admin_T4_1_240605-14:45:22.033191.json,2024-06-05 14:45:22.480000,2024-06-05 14:45:22.562000,0.082,T4,1,145713dd-889e-4ac4-a8d2-e75395bc28dc
202,admin_T4_1_240605-14:45:23.038400.json,2024-06-05 14:45:23.556000,2024-06-05 14:45:23.601000,0.045,T4,1,8a788f20-3e74-43f7-ab67-fa375eedfaeb
203,admin_T4_1_240605-14:45:24.037006.json,2024-06-05 14:45:24.499000,2024-06-05 14:45:24.571000,0.072,T4,1,0820ddff-eecb-4517-92bc-b8111a7a32c4
204,admin_T4_1_240605-14:45:25.030695.json,2024-06-05 14:45:25.573000,2024-06-05 14:45:25.640000,0.067,T4,1,57839aed-df14-4770-a202-c9961e234af8
205,admin_T4_1_240605-14:45:26.035972.json,2024-06-05 14:45:26.556000,2024-06-05 14:45:26.611000,0.055,T4,1,c3f7034e-35e3-4da1-8425-184d87c2384e
206,admin_T4_1_240605-14:45:27.036294.json,2024-06-05 14:45:27.483000,2024-06-05 14:45:27.556000,0.073,T4,1,da7fef00-12b3-4240-b736-ab71890a21d1
207,admin_T4_1_240605-14:45:28.033755.json,2024-06-05 14:45:28.541000,2024-06-05 14:45:28.618000,0.077,T4,1,ff389287-0e8a-44f3-9c02-be41edbe269a
208,admin_T4_1_240605-14:45:29.034303.json,2024-06-05 14:45:29.495000,2024-06-05 14:45:29.546000,0.051,T4,1,92df83c3-6b8a-4202-93af-999fef05943f
209,admin_T4_1_240605-14:45:30.035053.json,2024-06-05 14:45:30.501000,2024-06-05 14:45:30.585000,0.084,T4,1,8ecb6643-4479-49c8-a1a5-694a3ba74a19
210,admin_T4_1_240605-14:45:31.035335.json,2024-06-05 14:45:31.559000,2024-06-05 14:45:31.626000,0.067,T4,1,f045730a-b6a9-42d7-95a1-0eb09d9bced4
211,admin_T4_1_240605-14:45:32.033775.json,2024-06-05 14:45:32.481000,2024-06-05 14:45:32.543000,0.062,T4,1,afe9e29e-a95a-4ce2-8bc7-2b22475e16d3
212,admin_T4_1_240605-14:45:33.035607.json,2024-06-05 14:45:33.579000,2024-06-05 14:45:33.635000,0.056,T4,1,89cd036d-5b6c-44c8-b738-d5219c4e2a72
213,admin_T4_1_240605-14:45:39.121915.json,2024-06-05 14:45:39.533000,2024-06-05 14:45:39.591000,0.058,T4,1,1442e7fe-a535-4c9f-b92e-356c59fdb502
214,admin_T4_1_240605-14:45:34.036254.json,2024-06-05 14:45:39.534000,2024-06-05 14:45:39.598000,0.064,T4,1,b0340a2c-31b7-4bac-ae30-2937ab3adebb
215,admin_T4_1_240605-14:45:40.033881.json,2024-06-05 14:45:40.578000,2024-06-05 14:45:40.637000,0.059,T4,1,9b244726-9a3d-4c5d-81e3-37cbcf91f0b6
216,admin_T4_1_240605-14:45:41.035187.json,2024-06-05 14:45:41.485000,2024-06-05 14:45:41.543000,0.058,T4,1,a5b4a342-eecc-419a-a6a3-cba1e9107693
217,admin_T4_1_240605-14:45:42.033271.json,2024-06-05 14:45:42.512000,2024-06-05 14:45:42.573000,0.061,T4,1,8f67953e-2ce5-44b4-aab0-72cd1103c6d9
218,admin_T4_1_240605-14:45:43.033832.json,2024-06-05 14:45:43.535000,2024-06-05 14:45:43.636000,0.101,T4,1,1903c444-d47e-4ca2-9c04-2ea0bd782158
219,admin_T4_1_240605-14:45:44.032472.json,2024-06-05 14:45:44.495000,2024-06-05 14:45:44.585000,0.09,T4,1,b1e78a5b-2057-447d-863f-4d4326b74079
220,admin_T4_1_240605-14:45:45.033386.json,2024-06-05 14:45:45.526000,2024-06-05 14:45:45.582000,0.056,T4,1,18ece2e0-f25c-446e-9bb6-367a7845b9cb
221,admin_T4_1_240605-14:45:46.034051.json,2024-06-05 14:45:46.531000,2024-06-05 14:45:46.620000,0.089,T4,1,077d3746-11c8-4011-97d0-d590a27ed6d8
222,admin_T4_1_240605-14:45:47.050776.json,2024-06-05 14:45:47.606000,2024-06-05 14:45:47.703000,0.097,T4,1,2de50b09-e339-4023-ba09-83041dd24dda
223,admin_T4_1_240605-14:45:48.031505.json,2024-06-05 14:45:48.525000,2024-06-05 14:45:48.573000,0.048,T4,1,198fbbfe-6ded-4798-95f6-e94b07de5eb5
224,admin_T4_1_240605-14:45:49.035260.json,2024-06-05 14:45:49.562000,2024-06-05 14:45:49.659000,0.097,T4,1,a3aa9f36-6ec4-4571-bf96-a6c322309fb2
225,admin_T4_1_240605-14:45:50.034964.json,2024-06-05 14:45:50.534000,2024-06-05 14:45:50.632000,0.098,T4,1,e49d1eb3-c447-42cd-a50a-922e8369d518
226,admin_T4_1_240605-14:45:51.033497.json,2024-06-05 14:45:51.591000,2024-06-05 14:45:51.645000,0.054,T4,1,a2c9a5d1-ee4b-43e3-a80a-4e0f340ef2a2
227,admin_T4_1_240605-14:45:52.030929.json,2024-06-05 14:45:52.518000,2024-06-05 14:45:52.606000,0.088,T4,1,4e9f08c0-479b-464f-965d-6849e55c8ce7
228,admin_T4_1_240605-14:45:53.031382.json,2024-06-05 14:45:53.575000,2024-06-05 14:45:53.636000,0.061,T4,1,bb950e18-8b5d-4c96-99f1-68977a9f40a2
229,admin_T4_1_240605-14:45:54.034689.json,2024-06-05 14:45:54.513000,2024-06-05 14:45:54.567000,0.054,T4,1,dcbe44e0-2ea2-40e2-8495-4c04ce502284
230,admin_T4_1_240605-14:45:55.034600.json,2024-06-05 14:45:55.518000,2024-06-05 14:45:55.589000,0.071,T4,1,6346e171-c0da-4611-a46e-aa4fd155e14e
231,admin_T4_1_240605-14:45:56.035693.json,2024-06-05 14:45:56.576000,2024-06-05 14:45:56.631000,0.055,T4,1,7ac286cf-72c7-4e0f-99c3-5200672844a5
232,admin_T4_1_240605-14:45:57.032487.json,2024-06-05 14:45:57.542000,2024-06-05 14:45:57.599000,0.057,T4,1,a9dc5469-eed1-4a3f-b6dd-25b0260138be
233,admin_T4_1_240605-14:45:58.033313.json,2024-06-05 14:45:58.594000,2024-06-05 14:45:58.658000,0.064,T4,1,93d4e76b-3dc7-4f18-8eab-8b8eac40b684
234,admin_T4_1_240605-14:45:59.034866.json,2024-06-05 14:45:59.537000,2024-06-05 14:45:59.630000,0.093,T4,1,82926dd9-bcb3-4689-b6f2-743283063dc9
235,admin_T4_1_240605-14:46:00.037351.json,2024-06-05 14:46:00.499000,2024-06-05 14:46:00.574000,0.075,T4,1,bc3e76a3-6f02-41c1-802e-d0e50d76fec3
236,admin_T4_1_240605-14:46:01.035047.json,2024-06-05 14:46:01.547000,2024-06-05 14:46:01.599000,0.052,T4,1,908f463e-8758-4596-b234-8c2f02d6725e
237,admin_T4_1_240605-14:46:02.035435.json,2024-06-05 14:46:02.497000,2024-06-05 14:46:02.546000,0.049,T4,1,16b675d9-c698-4d20-9174-8227e1684136
238,admin_T4_1_240605-14:46:03.035584.json,2024-06-05 14:46:03.527000,2024-06-05 14:46:03.578000,0.051,T4,1,c34154af-ea34-4d88-8c9a-d7d9f93646d6
239,admin_T4_1_240605-14:46:04.031233.json,2024-06-05 14:46:04.471000,2024-06-05 14:46:04.532000,0.061,T4,1,27e7af71-ebda-4cc6-9dd7-4d11c1e02324
240,admin_T4_1_240605-14:46:05.033654.json,2024-06-05 14:46:05.534000,2024-06-05 14:46:05.609000,0.075,T4,1,6b1f8de1-59ac-44ec-b790-e342a164da87
241,admin_T4_1_240605-14:46:06.034776.json,2024-06-05 14:46:06.507000,2024-06-05 14:46:06.562000,0.055,T4,1,c53728f1-2300-44cc-acc2-ac25d4272f4c
242,admin_T4_1_240605-14:46:07.030593.json,2024-06-05 14:46:07.511000,2024-06-05 14:46:07.574000,0.063,T4,1,d7734d60-4aa4-4cf9-b46a-c21dc602a692
243,admin_T4_1_240605-14:46:08.035954.json,2024-06-05 14:46:08.517000,2024-06-05 14:46:08.575000,0.058,T4,1,e78f4beb-e614-416e-8d23-83f79771dc2a
244,admin_T4_1_240605-14:46:09.035282.json,2024-06-05 14:46:09.517000,2024-06-05 14:46:09.576000,0.059,T4,1,cd6f627c-c128-4e73-9a01-b05f2663444a
245,admin_T4_1_240605-14:46:10.034954.json,2024-06-05 14:46:10.490000,2024-06-05 14:46:10.568000,0.078,T4,1,ebfedbf6-31a9-41c8-8817-07fe9e3edc29
246,admin_T4_1_240605-14:46:11.051631.json,2024-06-05 14:46:11.581000,2024-06-05 14:46:11.657000,0.076,T4,1,c78611a6-17ea-4bb4-a381-fc92963f0ba2
247,admin_T4_1_240605-14:46:12.062029.json,2024-06-05 14:46:12.583000,2024-06-05 14:46:12.638000,0.055,T4,1,0a853517-cd32-46aa-825d-4af53dbe1da8
248,admin_T4_1_240605-14:46:13.039925.json,2024-06-05 14:46:13.519000,2024-06-05 14:46:13.584000,0.065,T4,1,94a4410b-2be6-440e-8826-fa487fea2dfb
249,admin_T4_1_240605-14:46:14.037927.json,2024-06-05 14:46:14.564000,2024-06-05 14:46:14.626000,0.062,T4,1,19e16976-30bb-4f4c-bafe-eccc75deec54
250,admin_T4_1_240605-14:46:15.037051.json,2024-06-05 14:46:15.453000,2024-06-05 14:46:15.559000,0.106,T4,1,21a1a832-7e71-4b68-b36e-5eddc5153531
251,admin_T4_1_240605-14:46:16.048824.json,2024-06-05 14:46:16.552000,2024-06-05 14:46:16.629000,0.077,T4,1,c17c9fbf-e0cd-49f6-9292-95172dc771c2
252,admin_T4_1_240605-14:46:17.040579.json,2024-06-05 14:46:17.560000,2024-06-05 14:46:17.620000,0.06,T4,1,fd85ae6e-b6aa-4393-a60b-3e5fc80845af
253,admin_T4_1_240605-14:46:18.036993.json,2024-06-05 14:46:18.503000,2024-06-05 14:46:18.616000,0.113,T4,1,92de0c7f-4efa-4159-96c0-c4492bab9ce7
254,admin_T4_1_240605-14:46:19.034624.json,2024-06-05 14:46:19.570000,2024-06-05 14:46:19.630000,0.06,T4,1,a16cdc80-8b48-44ae-908a-42ae33b8acd9
255,admin_T4_1_240605-14:46:20.036319.json,2024-06-05 14:46:20.549000,2024-06-05 14:46:20.604000,0.055,T4,1,245fe849-6792-4aac-839c-67e7894e8362
256,admin_T4_1_240605-14:46:21.036557.json,2024-06-05 14:46:21.579000,2024-06-05 14:46:21.629000,0.05,T4,1,d9e22e5a-c2c3-4dbf-9c71-01429636a44c
257,admin_T4_1_240605-14:46:22.036028.json,2024-06-05 14:46:22.568000,2024-06-05 14:46:22.646000,0.078,T4,1,94028060-965a-4e75-b610-0ecfcd1abfd6
258,admin_T4_1_240605-14:46:23.078289.json,2024-06-05 14:46:23.595000,2024-06-05 14:46:23.658000,0.063,T4,1,6fbb1a72-b176-4f2c-bf1a-605ce18af2bc
259,admin_T4_1_240605-14:46:24.036768.json,2024-06-05 14:46:24.555000,2024-06-05 14:46:24.605000,0.05,T4,1,1e6672d6-5fd2-4f3a-acb8-1fc714c73e49
260,admin_T4_1_240605-14:46:25.037145.json,2024-06-05 14:46:25.476000,2024-06-05 14:46:25.541000,0.065,T4,1,63edcf6e-574f-4860-a93c-2f08d4de1e76
261,admin_T4_1_240605-14:46:26.036861.json,2024-06-05 14:46:26.533000,2024-06-05 14:46:26.590000,0.057,T4,1,07880bd4-c6b4-4cc5-a29f-2489f6029acb
262,admin_T4_1_240605-14:46:27.031460.json,2024-06-05 14:46:27.564000,2024-06-05 14:46:27.607000,0.043,T4,1,5d8b6c3a-45f6-4645-8429-64d22104ea59
263,admin_T4_1_240605-14:46:28.032651.json,2024-06-05 14:46:28.530000,2024-06-05 14:46:28.582000,0.052,T4,1,f2cbb024-4a17-40ab-8f6a-cfb597b888bb
264,admin_T4_1_240605-14:46:29.033547.json,2024-06-05 14:46:29.606000,2024-06-05 14:46:29.665000,0.059,T4,1,8ba7956d-5706-476a-bbb9-6615aa85d323
265,admin_T4_1_240605-14:46:30.034678.json,2024-06-05 14:46:30.486000,2024-06-05 14:46:30.535000,0.049,T4,1,a10cf909-f9c0-4db7-91e7-8a0032a81fee
266,admin_T4_1_240605-14:46:31.035233.json,2024-06-05 14:46:31.552000,2024-06-05 14:46:31.607000,0.055,T4,1,dd76fef8-38a1-4984-9fce-ef84d166aac4
267,admin_T4_1_240605-14:46:32.035602.json,2024-06-05 14:46:32.548000,2024-06-05 14:46:32.611000,0.063,T4,1,b4855d25-a306-46fe-83a3-adced595cd63
268,admin_T4_1_240605-14:46:33.034891.json,2024-06-05 14:46:33.517000,2024-06-05 14:46:33.565000,0.048,T4,1,bdc261b8-ad68-4155-9302-699eeff504f1
269,admin_T4_1_240605-14:46:34.032471.json,2024-06-05 14:46:34.584000,2024-06-05 14:46:34.644000,0.06,T4,1,6463ab42-3145-4464-88ea-d694b30ad7de
270,admin_T4_1_240605-14:46:35.030843.json,2024-06-05 14:46:35.520000,2024-06-05 14:46:35.575000,0.055,T4,1,cda2a95f-5036-48f9-92f9-aecff2c06dc0
271,admin_T4_1_240605-14:46:36.036225.json,2024-06-05 14:46:36.517000,2024-06-05 14:46:36.575000,0.058,T4,1,6a37bf56-3c46-44f2-bbeb-ea8108efa1ee
272,admin_T4_1_240605-14:46:37.032654.json,2024-06-05 14:46:37.567000,2024-06-05 14:46:37.672000,0.105,T4,1,adcc4140-3fd4-440a-977b-6f782f7cdee7
273,admin_T4_1_240605-14:46:38.042382.json,2024-06-05 14:46:38.640000,2024-06-05 14:46:38.703000,0.063,T4,1,4a236492-8b1a-4ec8-8015-6a42e637c8b2
274,admin_T4_1_240605-14:46:39.032850.json,2024-06-05 14:46:39.530000,2024-06-05 14:46:39.578000,0.048,T4,1,0cd6a3eb-7a1f-4ad2-8d13-37f7ef6c010a
275,admin_T4_1_240605-14:46:40.036352.json,2024-06-05 14:46:40.556000,2024-06-05 14:46:40.625000,0.069,T4,1,2afe8ebf-268b-4eb0-824e-edba43758d45
276,admin_T4_1_240605-14:46:41.036164.json,2024-06-05 14:46:41.604000,2024-06-05 14:46:41.703000,0.099,T4,1,de7ea305-c6dd-4151-8924-91b704f03236
277,admin_T4_1_240605-14:46:42.034245.json,2024-06-05 14:46:42.540000,2024-06-05 14:46:42.601000,0.061,T4,1,1510dddd-a8fc-46e6-9d15-54b0cafba6ce
278,admin_T4_1_240605-14:46:43.035050.json,2024-06-05 14:46:43.506000,2024-06-05 14:46:43.601000,0.095,T4,1,1696a7b0-fb95-419e-b757-8243bd4f3e5a
279,admin_T4_1_240605-14:46:44.035725.json,2024-06-05 14:46:44.519000,2024-06-05 14:46:44.573000,0.054,T4,1,d3361f1a-1335-4e58-ae32-2af42db098c8
280,admin_T4_1_240605-14:46:45.034654.json,2024-06-05 14:46:45.534000,2024-06-05 14:46:45.597000,0.063,T4,1,8ba2c03d-2776-4c0d-a395-860975cc7774
281,admin_T4_1_240605-14:46:46.036091.json,2024-06-05 14:46:46.541000,2024-06-05 14:46:46.644000,0.103,T4,1,626ef071-10d1-420e-a54e-070a72da6f23
282,admin_T4_1_240605-14:46:47.057805.json,2024-06-05 14:46:47.486000,2024-06-05 14:46:47.538000,0.052,T4,1,57d7f49d-bed9-4fa1-9463-85fc6e28ab13
283,admin_T4_1_240605-14:46:48.032301.json,2024-06-05 14:46:48.565000,2024-06-05 14:46:48.619000,0.054,T4,1,5e42e74f-81f4-42ea-acba-3e78b5a5a05f
284,admin_T4_1_240605-14:46:49.032943.json,2024-06-05 14:46:49.490000,2024-06-05 14:46:49.549000,0.059,T4,1,286b3570-5360-411b-8163-ffb8dca21134
285,admin_T4_1_240605-14:46:50.034533.json,2024-06-05 14:46:50.486000,2024-06-05 14:46:50.549000,0.063,T4,1,818235b8-a490-4f51-bb4d-6d6d73c2b709
286,admin_T4_1_240605-14:46:51.034376.json,2024-06-05 14:46:51.502000,2024-06-05 14:46:51.581000,0.079,T4,1,04b09c17-adeb-4549-8f3b-a0cbac6b8bd2
287,admin_T4_1_240605-14:46:52.035066.json,2024-06-05 14:46:52.508000,2024-06-05 14:46:52.587000,0.079,T4,1,5760a5c6-2945-40d7-9ef5-e760ba767e0e
288,admin_T4_1_240605-14:46:53.034003.json,2024-06-05 14:46:53.551000,2024-06-05 14:46:53.610000,0.059,T4,1,daa6ef10-7e67-4a33-9972-1cf32848617a
289,admin_T4_1_240605-14:46:54.033766.json,2024-06-05 14:46:54.503000,2024-06-05 14:46:54.553000,0.05,T4,1,26f5155d-8fed-4957-8025-25812b459179
290,admin_T4_1_240605-14:46:55.032822.json,2024-06-05 14:46:55.553000,2024-06-05 14:46:55.690000,0.137,T4,1,4c08aad7-aead-408a-98b3-804b899537e3
297,admin_VM-T1_1000_240607-10:53:19.009352.json,2024-06-07 10:53:19.549000,2024-06-07 10:53:20.354000,0.805,VM-T1,1000,ffa984f1-d0c5-4657-998f-7b055d85ea13
298,admin_VM-T1_1000_240607-10:53:54.439420.json,2024-06-07 10:53:54.935000,2024-06-07 10:53:55.822000,0.887,VM-T1,1000,e5c78ec9-b835-4b46-a6f4-0f993c662eb5
299,admin_VM-T1_1_240607-10:54:29.870269.json,2024-06-07 10:54:30.423000,2024-06-07 10:54:30.522000,0.099,VM-T1,1,6f9b7a22-b053-42b6-ae4a-ec666fe43ccc
300,admin_VM-T1_1_240607-11:01:00.074751.json,2024-06-07 11:01:02.330000,2024-06-07 11:01:02.437000,0.107,VM-T1,1,03d12804-54a1-4c9d-a345-de444d3f8cab
301,admin_VM-T1_1_240607-11:02:00.035809.json,2024-06-07 11:02:00.533000,2024-06-07 11:02:00.635000,0.102,VM-T1,1,5271cdb1-8717-4718-a2a9-18c6d965fac5
302,admin_VM-T1_1_240607-11:03:00.040331.json,2024-06-07 11:03:00.615000,2024-06-07 11:03:00.704000,0.089,VM-T1,1,2a13b2a3-9ff4-4786-b433-b8a836c6ea2a
303,admin_VM-T1_1_240607-11:04:00.039418.json,2024-06-07 11:04:00.540000,2024-06-07 11:04:00.635000,0.095,VM-T1,1,ad44ccb3-2b29-415c-812f-6409c10de99a
304,admin_VM-T3_1000_240607-11:13:00.296955.json,2024-06-07 11:13:00.922000,2024-06-07 11:13:02.588000,1.666,VM-T3,1000,d7eaf598-9f36-4277-8230-44c6282beffd
305,admin_VM-T3_1000_240607-11:14:00.264513.json,2024-06-07 11:14:00.750000,2024-06-07 11:14:02.305000,1.555,VM-T3,1000,12361579-fb4e-4675-ae67-850366a21888
306,admin_VM-T3_1000_240607-11:15:05.283725.json,2024-06-07 11:15:07.369000,2024-06-07 11:15:09.158000,1.789,VM-T3,1000,5b588345-bc67-43a4-86e2-e4d99ba00d44
307,admin_VM-T3_1000_240607-11:15:06.242729.json,2024-06-07 11:15:08.250000,2024-06-07 11:15:09.502000,1.252,VM-T3,1000,4a26dcee-52a9-445e-baa4-9e5eab5d20da
308,admin_VM-T3_1000_240607-11:15:07.249132.json,2024-06-07 11:15:09.525000,2024-06-07 11:15:11.060000,1.535,VM-T3,1000,eb7425ac-6be4-4670-a4eb-29d94e1b44d1
309,admin_VM-T3_1000_240607-11:17:04.298647.json,2024-06-07 11:17:04.892000,2024-06-07 11:17:06.390000,1.498,VM-T3,1000,b385353b-0788-4cca-bc4d-8fe59fc63200
310,admin_VM-T3_1000_240607-11:17:06.254457.json,2024-06-07 11:17:06.756000,2024-06-07 11:17:08.068000,1.312,VM-T3,1000,18892e60-42d7-4697-94c8-9bad1640ebda
311,admin_VM-T3_1000_240607-11:17:05.270170.json,2024-06-07 11:17:07.396000,2024-06-07 11:17:08.244000,0.848,VM-T3,1000,37c01ee7-cbf6-4ca9-aa56-4fc16a2267ef
312,admin_VM-T3_1000_240607-11:17:08.253205.json,2024-06-07 11:17:08.785000,2024-06-07 11:17:09.635000,0.85,VM-T3,1000,84395da2-0a26-4681-a4ed-d265d910b47c
313,admin_VM-T3_1000_240607-11:17:07.261950.json,2024-06-07 11:17:08.270000,2024-06-07 11:17:09.841000,1.571,VM-T3,1000,3a4b2b22-0f26-4283-8592-0e910e7ce6f6
314,admin_VM-T3_1000_240607-11:17:09.263890.json,2024-06-07 11:17:09.837000,2024-06-07 11:17:10.676000,0.839,VM-T3,1000,ab44cd89-de1c-4218-88d6-eac2a788eb28
315,admin_VM-T3_1000_240607-11:17:10.254061.json,2024-06-07 11:17:10.724000,2024-06-07 11:17:12.340000,1.616,VM-T3,1000,5a82fa39-2d45-43b8-b12c-5aff93320a9a
316,admin_VM-T3_1000_240607-11:17:11.257317.json,2024-06-07 11:17:11.764000,2024-06-07 11:17:12.593000,0.829,VM-T3,1000,73978fd1-7e4b-4a7d-94a6-fcdfdf32a7df
317,admin_VM-T3_1000_240607-11:17:12.252634.json,2024-06-07 11:17:12.707000,2024-06-07 11:17:14.224000,1.517,VM-T3,1000,544b83e8-8ea4-4d64-9a44-7d468c3e9c6c
318,admin_VM-T3_1000_240607-11:17:13.259584.json,2024-06-07 11:17:13.823000,2024-06-07 11:17:14.636000,0.813,VM-T3,1000,e50a6090-a4e0-4dcb-a1b4-4fd9a15e59b1
319,admin_VM-T3_1000_240607-11:17:14.259220.json,2024-06-07 11:17:14.726000,2024-06-07 11:17:16.049000,1.323,VM-T3,1000,750bef88-827c-4abb-a450-95e4f9dfa7da
320,admin_VM-T3_1000_240607-11:17:15.262510.json,2024-06-07 11:17:15.835000,2024-06-07 11:17:16.613000,0.778,VM-T3,1000,e4c2a1ac-353b-4ff3-b8fa-862518427807
321,admin_VM-T3_1000_240607-11:17:16.258995.json,2024-06-07 11:17:16.774000,2024-06-07 11:17:17.999000,1.225,VM-T3,1000,5e0ccb5d-945b-47ad-984c-f85924801e5e
322,admin_VM-T3_1000_240607-11:17:17.255855.json,2024-06-07 11:17:17.794000,2024-06-07 11:17:18.770000,0.976,VM-T3,1000,c97d8168-c8dd-4474-a6ff-8ae17a0f7fbd
323,admin_VM-T3_1000_240607-11:17:18.259981.json,2024-06-07 11:17:18.740000,2024-06-07 11:17:20.358000,1.618,VM-T3,1000,7d7a4d57-7752-492e-a5ee-aa7b7979cacd
324,admin_VM-T3_1000_240607-11:17:19.264782.json,2024-06-07 11:17:19.827000,2024-06-07 11:17:20.626000,0.799,VM-T3,1000,ecedc844-9b77-47e4-bda1-018808efe009
325,admin_VM-T3_1000_240607-11:17:20.263387.json,2024-06-07 11:17:20.775000,2024-06-07 11:17:22.480000,1.705,VM-T3,1000,062ae3fa-535f-49d3-8d01-2dee94bfef2d
326,admin_VM-T3_1000_240607-11:17:21.260182.json,2024-06-07 11:17:21.809000,2024-06-07 11:17:22.619000,0.81,VM-T3,1000,f21b1496-d29c-4d69-9db3-e635274b04ce
327,admin_VM-T3_1000_240607-11:17:22.280298.json,2024-06-07 11:17:22.820000,2024-06-07 11:17:24.297000,1.477,VM-T3,1000,4244ee96-9182-4c40-ac4d-c0870a6975d2
328,admin_VM-T3_1000_240607-11:17:23.264543.json,2024-06-07 11:17:23.762000,2024-06-07 11:17:24.492000,0.73,VM-T3,1000,ad25fec1-79fb-4e6e-98d3-1f9f3175ff7e
329,admin_VM-T3_1000_240607-11:17:24.254601.json,2024-06-07 11:17:24.728000,2024-06-07 11:17:26.082000,1.354,VM-T3,1000,79daab6f-a8a4-4588-a343-7ed66fdc9615
330,admin_VM-T3_1000_240607-11:17:25.259225.json,2024-06-07 11:17:25.761000,2024-06-07 11:17:26.580000,0.819,VM-T3,1000,27b22bab-2723-4463-acff-2eea5fec96cc
331,admin_VM-T3_1000_240607-11:17:26.251946.json,2024-06-07 11:17:26.745000,2024-06-07 11:17:28.054000,1.309,VM-T3,1000,f96d5c04-bf09-47f6-a4f4-b6a802fad6ed
332,admin_VM-T3_1000_240607-11:17:27.361123.json,2024-06-07 11:17:27.885000,2024-06-07 11:17:28.795000,0.91,VM-T3,1000,21c2841b-04fb-4488-bcdb-b86d55fee8fa
333,admin_VM-T3_1000_240607-11:17:28.267614.json,2024-06-07 11:17:28.774000,2024-06-07 11:17:30.328000,1.554,VM-T3,1000,e4779e3f-8a3e-4d69-8bb2-debbc8c4d01f
334,admin_VM-T3_1000_240607-11:17:29.257843.json,2024-06-07 11:17:29.815000,2024-06-07 11:17:30.583000,0.768,VM-T3,1000,53bc084e-2281-4899-a694-8bf205825a6b
335,admin_VM-T3_1000_240607-11:17:30.264012.json,2024-06-07 11:17:30.693000,2024-06-07 11:17:32.258000,1.565,VM-T3,1000,efe28492-0e45-4198-9d14-6c7736232c24
336,admin_VM-T3_1000_240607-11:17:31.257820.json,2024-06-07 11:17:31.761000,2024-06-07 11:17:32.493000,0.732,VM-T3,1000,48b65e0f-fc6c-46ce-886b-91911e620997
337,admin_VM-T3_1000_240607-11:17:32.257737.json,2024-06-07 11:17:32.725000,2024-06-07 11:17:34.224000,1.499,VM-T3,1000,ecbb6e4a-4009-4aaa-af0a-346c08b00b6e
338,admin_VM-T3_1000_240607-11:17:33.255699.json,2024-06-07 11:17:33.699000,2024-06-07 11:17:34.404000,0.705,VM-T3,1000,0cd14bb5-d25d-4404-9460-d7438cb63fce
339,admin_VM-T3_1000_240607-11:17:34.258616.json,2024-06-07 11:17:34.726000,2024-06-07 11:17:36.184000,1.458,VM-T3,1000,d6d95ff6-2a0f-4c18-a6ca-dc32d3018584
340,admin_VM-T3_1000_240607-11:17:35.257552.json,2024-06-07 11:17:35.776000,2024-06-07 11:17:36.522000,0.746,VM-T3,1000,5ddb5189-0e16-4f4e-b5ce-075f71025e37
341,admin_VM-T3_1000_240607-11:17:36.260884.json,2024-06-07 11:17:36.740000,2024-06-07 11:17:38.019000,1.279,VM-T3,1000,142a0ce5-578b-4261-9385-092a6e868417
342,admin_VM-T3_1000_240607-11:17:37.259297.json,2024-06-07 11:17:37.777000,2024-06-07 11:17:38.539000,0.762,VM-T3,1000,64096f9f-f688-4497-b881-990ff8f42cb4
343,admin_VM-T3_1000_240607-11:17:38.256462.json,2024-06-07 11:17:38.693000,2024-06-07 11:17:40.233000,1.54,VM-T3,1000,4578efa3-aae8-446b-934b-5b65561f3ff8
344,admin_VM-T3_1000_240607-11:17:39.260256.json,2024-06-07 11:17:39.715000,2024-06-07 11:17:40.492000,0.777,VM-T3,1000,f330470e-8a03-4c86-953d-95564c30ccb6
345,admin_VM-T3_1000_240607-11:17:40.260793.json,2024-06-07 11:17:40.771000,2024-06-07 11:17:42.038000,1.267,VM-T3,1000,eddf4592-79b2-43e0-88fb-b5c8f6da2678
346,admin_VM-T3_1000_240607-11:17:41.258650.json,2024-06-07 11:17:41.795000,2024-06-07 11:17:42.613000,0.818,VM-T3,1000,10fd0b28-b494-4dfa-b3ed-0a0ebbbc1145
347,admin_VM-T3_1000_240607-11:17:42.254790.json,2024-06-07 11:17:42.758000,2024-06-07 11:17:44.120000,1.362,VM-T3,1000,63bf9abb-5b5a-49fa-8f5f-e33fa9d5b62c
348,admin_VM-T3_1000_240607-11:17:43.255232.json,2024-06-07 11:17:43.762000,2024-06-07 11:17:44.581000,0.819,VM-T3,1000,cb860251-2a6c-46cb-976f-3c03e89b3e3f
349,admin_VM-T3_1000_240607-11:17:44.256527.json,2024-06-07 11:17:44.695000,2024-06-07 11:17:46.175000,1.48,VM-T3,1000,a4be738a-b8a6-49b4-bafd-ff3513c66bf9
350,admin_VM-T3_1000_240607-11:17:45.265118.json,2024-06-07 11:17:45.854000,2024-06-07 11:17:46.686000,0.832,VM-T3,1000,eb7253d5-3607-4a0c-a368-1d94893bd54c
351,admin_VM-T3_1000_240607-11:17:46.253420.json,2024-06-07 11:17:46.789000,2024-06-07 11:17:48.009000,1.22,VM-T3,1000,97955aa8-285b-4c34-9064-0b78cf360d34
352,admin_VM-T3_1000_240607-11:17:47.255647.json,2024-06-07 11:17:47.701000,2024-06-07 11:17:48.596000,0.895,VM-T3,1000,eb747fc4-3ca2-4f18-87ab-8be069ddeb2f
353,admin_VM-T3_1000_240607-11:17:48.254769.json,2024-06-07 11:17:48.667000,2024-06-07 11:17:50.070000,1.403,VM-T3,1000,9fd4663f-2c0a-4eb6-89b3-dc390e94b1d8
354,admin_VM-T3_1000_240607-11:17:49.255069.json,2024-06-07 11:17:49.842000,2024-06-07 11:17:50.609000,0.767,VM-T3,1000,a3a27289-72e9-4335-8df5-84944b8c112c
355,admin_VM-T3_1000_240607-11:17:50.266915.json,2024-06-07 11:17:50.713000,2024-06-07 11:17:52.328000,1.615,VM-T3,1000,0a698e54-6547-4eda-9d08-6f603f613f4d
356,admin_VM-T3_1000_240607-11:17:51.262998.json,2024-06-07 11:17:51.761000,2024-06-07 11:17:52.467000,0.706,VM-T3,1000,d5e753cb-a955-41df-9366-990a7daf9d14
357,admin_VM-T3_1000_240607-11:17:52.263235.json,2024-06-07 11:17:52.729000,2024-06-07 11:17:54.317000,1.588,VM-T3,1000,492105e3-34d8-42c6-916f-8e3c87e0e9c5
358,admin_VM-T3_1000_240607-11:17:53.263787.json,2024-06-07 11:17:53.794000,2024-06-07 11:17:54.575000,0.781,VM-T3,1000,c141a0f8-8309-4f81-a269-6e714c25e4d5
359,admin_VM-T3_1000_240607-11:17:54.261307.json,2024-06-07 11:17:54.777000,2024-06-07 11:17:56.309000,1.532,VM-T3,1000,6dbf9319-b76d-44c1-92af-f1689edff82f
360,admin_VM-T3_1000_240607-11:17:55.259485.json,2024-06-07 11:17:55.802000,2024-06-07 11:17:56.513000,0.711,VM-T3,1000,b22bae60-2d47-4871-83cc-03b8df9d14da
361,admin_VM-T3_1000_240607-11:17:56.259220.json,2024-06-07 11:17:56.793000,2024-06-07 11:17:58.430000,1.637,VM-T3,1000,e8736137-f810-493e-a1c0-067c1e94346c
362,admin_VM-T3_1000_240607-11:17:57.477846.json,2024-06-07 11:17:57.997000,2024-06-07 11:17:58.764000,0.767,VM-T3,1000,c6cab5be-4d59-4e8d-a384-016545d12218
363,admin_VM-T3_1000_240607-11:17:58.305880.json,2024-06-07 11:17:58.794000,2024-06-07 11:18:00.025000,1.231,VM-T3,1000,f7276781-f90c-4817-8476-948bc2693dc8
364,admin_VM-T3_1000_240607-11:17:59.276421.json,2024-06-07 11:17:59.794000,2024-06-07 11:18:00.539000,0.745,VM-T3,1000,8793081c-9266-458a-b3e1-1fb0333dff71
365,admin_VM-T3_1000_240607-11:18:00.263122.json,2024-06-07 11:18:00.764000,2024-06-07 11:18:02.235000,1.471,VM-T3,1000,e6d8b769-0b7e-4a2b-88e8-c5f3d33f4c71
366,admin_VM-T3_1000_240607-11:18:01.258144.json,2024-06-07 11:18:01.700000,2024-06-07 11:18:02.344000,0.644,VM-T3,1000,a47d800e-0b4f-485a-bd40-d728e47a3a7d
367,admin_VM-T3_1000_240607-11:18:02.259552.json,2024-06-07 11:18:07.811000,2024-06-07 11:18:08.536000,0.725,VM-T3,1000,c4030942-771b-4b15-9526-fe06e974090e
368,admin_VM-T3_1000_240607-11:18:07.593135.json,2024-06-07 11:18:07.781000,2024-06-07 11:18:09.026000,1.245,VM-T3,1000,f0b434e3-7895-442a-af87-e368c526ef61
369,admin_VM-T3_1000_240607-11:18:08.252865.json,2024-06-07 11:18:08.733000,2024-06-07 11:18:09.427000,0.694,VM-T3,1000,6ae52cb5-c193-4a57-bb94-4d38821f0414
370,admin_VM-T3_1000_240607-11:18:09.263125.json,2024-06-07 11:18:09.749000,2024-06-07 11:18:11.022000,1.273,VM-T3,1000,a741128a-784b-421e-8769-e7bb7bfa137c
371,admin_VM-T3_1000_240607-11:18:10.258014.json,2024-06-07 11:18:10.797000,2024-06-07 11:18:11.711000,0.914,VM-T3,1000,9625f32f-2570-477b-8675-b27368420306
372,admin_VM-T3_1000_240607-11:18:11.259447.json,2024-06-07 11:18:11.740000,2024-06-07 11:18:13.155000,1.415,VM-T3,1000,da0fd66b-3571-4007-b3e9-c6f145fb8774
373,admin_VM-T3_1000_240607-11:18:12.251757.json,2024-06-07 11:18:12.812000,2024-06-07 11:18:13.686000,0.874,VM-T3,1000,2b2b6247-46b4-4d15-a1cf-93000c77d176
374,admin_VM-T3_1000_240607-11:18:13.268940.json,2024-06-07 11:18:13.814000,2024-06-07 11:18:15.387000,1.573,VM-T3,1000,91fb219a-c8f1-489c-bc6a-db65847ef5c1
375,admin_VM-T3_1000_240607-11:18:14.255641.json,2024-06-07 11:18:14.814000,2024-06-07 11:18:15.565000,0.751,VM-T3,1000,fbfa162a-90a8-42e0-9971-71bb0b678d62
376,admin_VM-T3_1000_240607-11:18:15.265541.json,2024-06-07 11:18:15.688000,2024-06-07 11:18:17.251000,1.563,VM-T3,1000,aad4cf92-819e-41ac-86a7-af562aa21a52
377,admin_VM-T3_1000_240607-11:18:16.255977.json,2024-06-07 11:18:16.780000,2024-06-07 11:18:17.657000,0.877,VM-T3,1000,8ae3b275-a069-427d-9252-fd3dfd731c89
378,admin_VM-T3_1000_240607-11:18:17.249511.json,2024-06-07 11:18:17.703000,2024-06-07 11:18:19.197000,1.494,VM-T3,1000,a7b64122-51a7-4291-8093-d97bbdc178a1
379,admin_VM-T3_1000_240607-11:18:18.249369.json,2024-06-07 11:18:18.818000,2024-06-07 11:18:19.472000,0.654,VM-T3,1000,246a2dda-726f-400c-8cf4-d1322ff07ec0
380,admin_VM-T3_1000_240607-11:18:19.259878.json,2024-06-07 11:18:19.767000,2024-06-07 11:18:21.070000,1.303,VM-T3,1000,caa422bf-a5ac-4856-bd4a-4e97cf04b50b
381,admin_VM-T3_1000_240607-11:18:20.269498.json,2024-06-07 11:18:20.734000,2024-06-07 11:18:21.553000,0.819,VM-T3,1000,c2dcd62b-4a6e-46f0-83a4-2a210378869b
382,admin_VM-T3_1000_240607-11:18:21.256176.json,2024-06-07 11:18:21.753000,2024-06-07 11:18:23.382000,1.629,VM-T3,1000,ed90e89b-1955-4b5e-a50c-88f16483eeed
383,admin_VM-T3_1000_240607-11:18:22.259126.json,2024-06-07 11:18:22.811000,2024-06-07 11:18:23.769000,0.958,VM-T3,1000,1c4c6cfd-8f73-4d85-884c-e79099394efb
384,admin_VM-T3_1000_240607-11:18:23.249047.json,2024-06-07 11:18:23.732000,2024-06-07 11:18:25.082000,1.35,VM-T3,1000,0ce83f37-5f91-4b78-9f96-eb73e6c5b1fd
385,admin_VM-T3_1000_240607-11:18:24.251705.json,2024-06-07 11:18:24.765000,2024-06-07 11:18:25.648000,0.883,VM-T3,1000,f82b3a78-2cbb-43ed-8396-0794f70ee967
386,admin_VM-T3_1000_240607-11:18:25.255302.json,2024-06-07 11:18:25.766000,2024-06-07 11:18:27.235000,1.469,VM-T3,1000,c7ea2397-7274-4f26-b889-614882407575
387,admin_VM-T3_1000_240607-11:18:26.253999.json,2024-06-07 11:18:26.777000,2024-06-07 11:18:27.544000,0.767,VM-T3,1000,b550dc95-8ac0-4856-8e71-19c91ed9f571
388,admin_VM-T3_1000_240607-11:18:27.349022.json,2024-06-07 11:18:27.846000,2024-06-07 11:18:29.267000,1.421,VM-T3,1000,625c44d5-8fea-4a8d-a024-c871ebfdb1b3
389,admin_VM-T3_1000_240607-11:18:28.254280.json,2024-06-07 11:18:28.801000,2024-06-07 11:18:29.627000,0.826,VM-T3,1000,9c477fc6-487d-4005-8d2b-b52f3d364cb3
390,admin_VM-T3_1000_240607-11:18:29.255397.json,2024-06-07 11:18:29.721000,2024-06-07 11:18:31.146000,1.425,VM-T3,1000,f02c8810-d7ac-4f89-87a8-1d6225e8a9f3
391,admin_VM-T3_1000_240607-11:18:30.249562.json,2024-06-07 11:18:30.785000,2024-06-07 11:18:31.562000,0.777,VM-T3,1000,279aa845-d245-4913-8d8e-442a66eacae1
392,admin_VM-T3_1000_240607-11:18:31.252435.json,2024-06-07 11:18:31.740000,2024-06-07 11:18:33.096000,1.356,VM-T3,1000,16a5c67b-bd8c-4bc9-97b5-8c57ce8e9d8c
393,admin_VM-T3_1000_240607-11:18:32.249973.json,2024-06-07 11:18:32.796000,2024-06-07 11:18:33.554000,0.758,VM-T3,1000,3a5a08ed-dcff-4b04-90c7-c48c655c4cb3
394,admin_VM-T3_1000_240607-11:18:33.254650.json,2024-06-07 11:18:33.725000,2024-06-07 11:18:35.047000,1.322,VM-T3,1000,0f7bd9be-65a8-41a8-9a0e-95bc05f2c6fc
395,admin_VM-T3_1000_240607-11:18:34.250117.json,2024-06-07 11:18:34.816000,2024-06-07 11:18:35.501000,0.685,VM-T3,1000,9568f1fc-e281-4164-bdbb-299d9c2d5691
396,admin_VM-T3_1000_240607-11:18:35.252548.json,2024-06-07 11:18:35.783000,2024-06-07 11:18:37.373000,1.59,VM-T3,1000,b0f56870-ae5b-4cab-ae7c-0f246c1ddf46
397,admin_VM-T3_1000_240607-11:18:36.248776.json,2024-06-07 11:18:36.764000,2024-06-07 11:18:37.469000,0.705,VM-T3,1000,875a29f6-aade-4a1e-825c-a97308792540
398,admin_VM-T3_1000_240607-11:18:37.255656.json,2024-06-07 11:18:37.739000,2024-06-07 11:18:38.979000,1.24,VM-T3,1000,106e2238-d919-428c-9092-375efc4f021a
399,admin_VM-T3_1000_240607-11:18:38.250833.json,2024-06-07 11:18:38.771000,2024-06-07 11:18:39.542000,0.771,VM-T3,1000,c9db9ce6-a57c-4867-9490-0473c514f1e5
400,admin_VM-T3_1000_240607-11:18:39.280064.json,2024-06-07 11:18:39.800000,2024-06-07 11:18:41.318000,1.518,VM-T3,1000,fc335871-e3d3-4877-ab62-8e3af5f4171c
401,admin_VM-T3_1000_240607-11:18:40.254769.json,2024-06-07 11:18:40.738000,2024-06-07 11:18:41.480000,0.742,VM-T3,1000,ec07faba-6160-4657-8adc-4daaca0d73ff
402,admin_VM-T3_1000_240607-11:18:41.259167.json,2024-06-07 11:18:41.753000,2024-06-07 11:18:43.284000,1.531,VM-T3,1000,5f1a8a03-5b42-4eb3-a986-82645337451b
403,admin_VM-T3_1000_240607-11:18:42.249314.json,2024-06-07 11:18:42.801000,2024-06-07 11:18:43.583000,0.782,VM-T3,1000,91389bb0-4667-4dc5-afb8-b411b7c850e6
404,admin_VM-T3_1000_240607-11:18:43.246619.json,2024-06-07 11:18:43.754000,2024-06-07 11:18:45.082000,1.328,VM-T3,1000,b6161636-ab47-44d2-bc38-aa44cb9aa9e4
405,admin_VM-T3_1000_240607-11:18:44.255026.json,2024-06-07 11:18:44.737000,2024-06-07 11:18:45.454000,0.717,VM-T3,1000,5be766a0-8fd9-456e-b146-5d5327143936
406,admin_VM-T3_1000_240607-11:18:45.253232.json,2024-06-07 11:18:45.756000,2024-06-07 11:18:47.277000,1.521,VM-T3,1000,8db9305e-6436-4fe0-92b1-66d85865afb5
407,admin_VM-T3_1000_240607-11:18:46.263243.json,2024-06-07 11:18:46.784000,2024-06-07 11:18:47.636000,0.852,VM-T3,1000,2a51abee-1dab-492b-884a-7cb5b80401bc
408,admin_VM-T3_1000_240607-11:18:47.255203.json,2024-06-07 11:18:47.789000,2024-06-07 11:18:48.981000,1.192,VM-T3,1000,e7ecae59-69fe-4476-9f4b-51575b48cbd2
409,admin_VM-T3_1000_240607-11:18:48.249149.json,2024-06-07 11:18:48.752000,2024-06-07 11:18:49.471000,0.719,VM-T3,1000,66d319ff-6031-45aa-8f01-a4aa28a426d9
410,admin_VM-T3_1000_240607-11:18:49.260219.json,2024-06-07 11:18:49.773000,2024-06-07 11:18:51.327000,1.554,VM-T3,1000,3227c876-5b92-428b-99bc-76af1ba13f3f
411,admin_VM-T3_1000_240607-11:18:50.258383.json,2024-06-07 11:18:50.816000,2024-06-07 11:18:51.609000,0.793,VM-T3,1000,76d82778-040d-4d51-b7ef-e0cdebfff319
412,admin_VM-T3_1000_240607-11:18:51.255895.json,2024-06-07 11:18:51.756000,2024-06-07 11:18:53.063000,1.307,VM-T3,1000,443e4067-b1ac-4299-a20b-8d6f3e8c954b
413,admin_VM-T3_1000_240607-11:18:52.254967.json,2024-06-07 11:18:52.784000,2024-06-07 11:18:53.583000,0.799,VM-T3,1000,ec8b405b-4a58-481f-b46a-c7f27ddfe360
414,admin_VM-T3_1000_240607-11:18:53.252487.json,2024-06-07 11:18:53.740000,2024-06-07 11:18:55.235000,1.495,VM-T3,1000,7cc3505d-0d38-4148-b457-15da31cc1b83
415,admin_VM-T3_1000_240607-11:18:54.255203.json,2024-06-07 11:18:54.830000,2024-06-07 11:18:55.584000,0.754,VM-T3,1000,9d6ecf22-bb13-4a3c-83d3-7b1e131a8bf3
416,admin_VM-T3_1000_240607-11:18:55.251788.json,2024-06-07 11:18:55.773000,2024-06-07 11:18:57.113000,1.34,VM-T3,1000,db6e583a-fc4c-492d-a653-6e7763fa7079
417,admin_VM-T3_1000_240607-11:18:56.251288.json,2024-06-07 11:18:56.767000,2024-06-07 11:18:57.528000,0.761,VM-T3,1000,16c9c32a-87eb-4b96-b188-5d24da87e5f5
418,admin_VM-T3_1000_240607-11:18:57.365330.json,2024-06-07 11:18:57.804000,2024-06-07 11:18:59.303000,1.499,VM-T3,1000,3c629df9-9543-4a5d-85b0-b47bd5a4550f
419,admin_VM-T3_1000_240607-11:18:58.258423.json,2024-06-07 11:18:58.799000,2024-06-07 11:18:59.590000,0.791,VM-T3,1000,0d859a9e-be30-49c0-9323-7b4f41a08e14
420,admin_VM-T3_1000_240607-11:18:59.255587.json,2024-06-07 11:18:59.711000,2024-06-07 11:19:01.265000,1.554,VM-T3,1000,b18b53f0-948f-422b-a68a-89536f3750a0
421,admin_VM-T3_1000_240607-11:19:00.269176.json,2024-06-07 11:19:00.774000,2024-06-07 11:19:01.548000,0.774,VM-T3,1000,105b5c34-0b2c-4d3c-9cc4-27fb0fc23eec
422,admin_VM-T3_1000_240607-11:19:01.250560.json,2024-06-07 11:19:01.741000,2024-06-07 11:19:03.289000,1.548,VM-T3,1000,8d8c2fa4-43d3-47b3-9b4d-b86017417532
423,admin_VM-T3_1000_240607-11:19:02.250202.json,2024-06-07 11:19:02.737000,2024-06-07 11:19:03.487000,0.75,VM-T3,1000,ce8e2cc9-785e-475c-9a32-f5d7b61942e3
424,admin_VM-T3_1000_240607-11:19:03.252610.json,2024-06-07 11:19:03.789000,2024-06-07 11:19:05.473000,1.684,VM-T3,1000,6cbc5b6e-65e9-4442-a060-c7b7a727af2e
425,admin_VM-T3_1000_240607-11:19:04.298082.json,2024-06-07 11:19:04.846000,2024-06-07 11:19:05.603000,0.757,VM-T3,1000,747ed916-24a7-48d0-aba5-0829dad86fc8
426,admin_VM-T3_1000_240607-11:19:05.267471.json,2024-06-07 11:19:05.757000,2024-06-07 11:19:07.096000,1.339,VM-T3,1000,9ea48033-e4f8-4a36-9c3b-6a6017ea328e
427,admin_VM-T3_1000_240607-11:19:06.271237.json,2024-06-07 11:19:06.783000,2024-06-07 11:19:07.586000,0.803,VM-T3,1000,4c42d123-2d26-4cab-9ba0-2cc4ed34fdb8
428,admin_VM-T3_1000_240607-11:19:07.256552.json,2024-06-07 11:19:07.742000,2024-06-07 11:19:09.332000,1.59,VM-T3,1000,a19c780c-b7b2-4898-a10f-2559d25c160e
429,admin_VM-T3_1000_240607-11:19:08.261526.json,2024-06-07 11:19:08.765000,2024-06-07 11:19:09.546000,0.781,VM-T3,1000,908034ae-dd69-480b-aadf-590657598d86
430,admin_VM-T3_1000_240607-11:19:09.250376.json,2024-06-07 11:19:09.712000,2024-06-07 11:19:11.015000,1.303,VM-T3,1000,aca93f2f-b24b-4594-bbcd-bab62fd41b48
431,admin_VM-T3_1000_240607-11:19:10.256010.json,2024-06-07 11:19:10.815000,2024-06-07 11:19:11.550000,0.735,VM-T3,1000,ffcafbb0-77b3-486d-87ec-614d19abb168
432,admin_VM-T3_1000_240607-11:19:11.253684.json,2024-06-07 11:19:11.679000,2024-06-07 11:19:13.098000,1.419,VM-T3,1000,74183b86-5705-44b9-ac57-013c373d9519
433,admin_VM-T3_1000_240607-11:19:12.256544.json,2024-06-07 11:19:12.722000,2024-06-07 11:19:13.567000,0.845,VM-T3,1000,2d0137e5-12e7-4e21-9b89-b6a6c54d7624
434,admin_VM-T3_1000_240607-11:19:13.249964.json,2024-06-07 11:19:18.800000,2024-06-07 11:19:19.842000,1.042,VM-T3,1000,6202448e-4a90-4ce0-bd75-870efa7c7965
435,admin_VM-T3_1000_240607-11:19:18.569649.json,2024-06-07 11:19:18.776000,2024-06-07 11:19:20.401000,1.625,VM-T3,1000,9931408c-9af9-496d-bb10-782d086f76f5
436,admin_VM-T3_1000_240607-11:19:19.259902.json,2024-06-07 11:19:19.877000,2024-06-07 11:19:21.402000,1.525,VM-T3,1000,91892aa7-cf1e-4442-82f1-fba4e4d27632
437,admin_VM-T3_1000_240607-11:19:20.256064.json,2024-06-07 11:19:20.770000,2024-06-07 11:19:21.565000,0.795,VM-T3,1000,fa4723c7-9814-4b41-a1be-afeb692424ec
438,admin_VM-T3_1000_240607-11:19:21.271885.json,2024-06-07 11:19:21.793000,2024-06-07 11:19:23.129000,1.336,VM-T3,1000,557e09d6-5ff9-46a3-96d3-6fbc19ec3d87
439,admin_VM-T3_1000_240607-11:19:22.260518.json,2024-06-07 11:19:22.780000,2024-06-07 11:19:24.134000,1.354,VM-T3,1000,97394b2a-66f7-4524-9c19-be7704d78fae
440,admin_VM-T3_1000_240607-11:19:23.248982.json,2024-06-07 11:19:23.738000,2024-06-07 11:19:24.609000,0.871,VM-T3,1000,721465de-9423-4727-95fc-5fad72a13225
441,admin_VM-T3_1000_240607-11:19:24.252744.json,2024-06-07 11:19:24.745000,2024-06-07 11:19:26.063000,1.318,VM-T3,1000,08340ff2-74f8-4f89-b271-c0da6c3edaf0
442,admin_VM-T3_1000_240607-11:19:25.281546.json,2024-06-07 11:19:25.798000,2024-06-07 11:19:27.282000,1.484,VM-T3,1000,edd6f9ee-d48c-44db-bd20-1f179aa819e2
443,admin_VM-T3_1000_240607-11:19:26.259810.json,2024-06-07 11:19:26.769000,2024-06-07 11:19:27.501000,0.732,VM-T3,1000,0a489645-dc27-4ab1-a788-db50e7885bd1
444,admin_VM-T3_1000_240607-11:19:27.330144.json,2024-06-07 11:19:27.854000,2024-06-07 11:19:29.382000,1.528,VM-T3,1000,c842a94e-38fe-4761-8204-bdd8761aa540
445,admin_VM-T3_1000_240607-11:19:28.259829.json,2024-06-07 11:19:28.830000,2024-06-07 11:19:30.199000,1.369,VM-T3,1000,35083a0c-72f0-47e8-9480-6affa2422e24
446,admin_VM-T3_1000_240607-11:19:29.255473.json,2024-06-07 11:19:29.769000,2024-06-07 11:19:30.618000,0.849,VM-T3,1000,c0880407-1f35-4ebc-8192-6ee4fae0f1a8
447,admin_VM-T3_1000_240607-11:19:30.253933.json,2024-06-07 11:19:30.760000,2024-06-07 11:19:32.120000,1.36,VM-T3,1000,2f03a703-9048-4af8-810a-b75c6ee3cb73
448,admin_VM-T3_1000_240607-11:19:31.251913.json,2024-06-07 11:19:31.767000,2024-06-07 11:19:33.109000,1.342,VM-T3,1000,91c4a414-c3d2-4bee-b254-8f1255fdce25
449,admin_VM-T3_1000_240607-11:19:32.253167.json,2024-06-07 11:19:32.751000,2024-06-07 11:19:33.613000,0.862,VM-T3,1000,0ab5a3e8-7129-426b-a24b-265b7391cc80
450,admin_VM-T3_1000_240607-11:19:33.253163.json,2024-06-07 11:19:33.734000,2024-06-07 11:19:35.107000,1.373,VM-T3,1000,602100a2-bfca-4b2b-af89-450c99bff9ad
451,admin_VM-T3_1000_240607-11:19:34.257305.json,2024-06-07 11:19:34.797000,2024-06-07 11:19:36.328000,1.531,VM-T3,1000,c2c6e272-ba96-40ca-af9b-3aafbc706f8e
452,admin_VM-T3_1000_240607-11:19:35.267789.json,2024-06-07 11:19:35.847000,2024-06-07 11:19:36.707000,0.86,VM-T3,1000,a85efaad-b35e-4139-94bf-47d495cdb339
453,admin_VM-T3_1000_240607-11:19:36.256150.json,2024-06-07 11:19:36.776000,2024-06-07 11:19:38.097000,1.321,VM-T3,1000,081b484d-a607-4afd-a8b2-28c67ea6bddf
454,admin_VM-T3_1000_240607-11:19:37.257633.json,2024-06-07 11:19:37.736000,2024-06-07 11:19:39.207000,1.471,VM-T3,1000,14ce24b1-19ed-484c-a014-6b3866cd9096
455,admin_VM-T3_1000_240607-11:19:38.254691.json,2024-06-07 11:19:38.787000,2024-06-07 11:19:39.522000,0.735,VM-T3,1000,3625e9d8-0d81-4b9e-a9c3-096ad341d395
456,admin_VM-T3_1000_240607-11:19:39.252595.json,2024-06-07 11:19:39.771000,2024-06-07 11:19:41.466000,1.695,VM-T3,1000,c9a6bc47-4695-430a-b1f1-e50c49b1098c
457,admin_VM-T3_1000_240607-11:19:40.252931.json,2024-06-07 11:19:40.721000,2024-06-07 11:19:42.215000,1.494,VM-T3,1000,0b67a764-fc7f-432c-9cb4-2525943b1789
458,admin_VM-T3_1000_240607-11:19:41.260523.json,2024-06-07 11:19:41.816000,2024-06-07 11:19:42.586000,0.77,VM-T3,1000,d1e06cf1-159d-4c8c-be8e-9e7d02b65371
459,admin_VM-T3_1000_240607-11:19:42.252832.json,2024-06-07 11:19:42.761000,2024-06-07 11:19:44.151000,1.39,VM-T3,1000,6b8e2f8e-5649-4bfc-9ff7-f1dde6f1c3c5
460,admin_VM-T3_1000_240607-11:19:43.247040.json,2024-06-07 11:19:43.773000,2024-06-07 11:19:45.127000,1.354,VM-T3,1000,9006944b-53f3-45b4-8bb5-a5c719b9d6d9
461,admin_VM-T3_1000_240607-11:19:44.258105.json,2024-06-07 11:19:44.770000,2024-06-07 11:19:45.540000,0.77,VM-T3,1000,0e923bd8-89b8-41ad-aefb-1b193622896e
462,admin_VM-T3_1000_240607-11:19:45.256902.json,2024-06-07 11:19:45.761000,2024-06-07 11:19:47.105000,1.344,VM-T3,1000,635947a4-dae7-425d-8b12-12a425d4b329
463,admin_VM-T3_1000_240607-11:19:46.251398.json,2024-06-07 11:19:46.793000,2024-06-07 11:19:48.265000,1.472,VM-T3,1000,b4fa6268-8b74-40ac-ba1e-750f4873d7ee
464,admin_VM-T3_1000_240607-11:19:47.253903.json,2024-06-07 11:19:47.756000,2024-06-07 11:19:48.705000,0.949,VM-T3,1000,c863035b-8034-4d77-b17c-5308da92af08
465,admin_VM-T3_1000_240607-11:19:48.248077.json,2024-06-07 11:19:48.715000,2024-06-07 11:19:50.065000,1.35,VM-T3,1000,615e4d8e-a9ee-48df-b958-301c739180d6
466,admin_VM-T3_1000_240607-11:19:49.258316.json,2024-06-07 11:19:49.831000,2024-06-07 11:19:51.502000,1.671,VM-T3,1000,9c4f14d6-5c54-42ad-9884-70536bbdd6a3
467,admin_VM-T3_1000_240607-11:19:50.267827.json,2024-06-07 11:19:50.785000,2024-06-07 11:19:51.560000,0.775,VM-T3,1000,e85e9111-578a-4918-832e-c6c8b46e7d7c
468,admin_VM-T3_1000_240607-11:19:51.264132.json,2024-06-07 11:19:51.794000,2024-06-07 11:19:53.548000,1.754,VM-T3,1000,800a3e31-f617-481c-80a8-10b17cbf2ae6
469,admin_VM-T3_1000_240607-11:19:52.252424.json,2024-06-07 11:19:52.756000,2024-06-07 11:19:54.417000,1.661,VM-T3,1000,de7f1a8f-3c06-4727-8c95-964db96647c3
470,admin_VM-T3_1000_240607-11:19:53.257290.json,2024-06-07 11:19:53.771000,2024-06-07 11:19:54.539000,0.768,VM-T3,1000,ea622f4f-803a-4c83-a0c3-b529ba327b31
471,admin_VM-T3_1000_240607-11:19:54.254560.json,2024-06-07 11:19:54.795000,2024-06-07 11:19:56.196000,1.401,VM-T3,1000,edb4453f-43b4-450e-be26-dc87bcea07a7
472,admin_VM-T3_1000_240607-11:19:55.257765.json,2024-06-07 11:19:55.704000,2024-06-07 11:19:57.088000,1.384,VM-T3,1000,058bbde8-99ff-4ab6-9161-f4bea359ba2d
473,admin_VM-T3_1000_240607-11:19:56.253697.json,2024-06-07 11:19:56.816000,2024-06-07 11:19:57.558000,0.742,VM-T3,1000,f76ed2f3-92eb-4b7d-af0b-dbe5059d48d3
474,admin_VM-T3_1000_240607-11:19:57.355533.json,2024-06-07 11:19:57.918000,2024-06-07 11:19:59.493000,1.575,VM-T3,1000,138b7a1d-6382-42d8-bad2-ffa620d9446d
475,admin_VM-T3_1000_240607-11:19:58.248012.json,2024-06-07 11:19:58.767000,2024-06-07 11:20:00.443000,1.676,VM-T3,1000,e759f97b-4080-4cfe-ba74-4f32def05d7e
476,admin_VM-T3_1000_240607-11:19:59.258563.json,2024-06-07 11:19:59.804000,2024-06-07 11:20:00.733000,0.929,VM-T3,1000,65d76f9d-6505-4cb6-b834-55046dcd285b
477,admin_VM-T3_1000_240607-11:20:00.255520.json,2024-06-07 11:20:00.764000,2024-06-07 11:20:02.455000,1.691,VM-T3,1000,be031bf4-163c-436d-a35c-ea8f490a8df0
478,admin_VM-T3_1000_240607-11:20:01.255355.json,2024-06-07 11:20:01.815000,2024-06-07 11:20:03.474000,1.659,VM-T3,1000,0e14a7f0-1116-468b-9514-a5944a829c7b
479,admin_VM-T3_1000_240607-11:20:03.250322.json,2024-06-07 11:20:03.755000,2024-06-07 11:20:05.088000,1.333,VM-T3,1000,52d3e746-be92-45b9-b938-51de85f90541
480,admin_VM-T3_1000_240607-11:20:04.272487.json,2024-06-07 11:20:04.872000,2024-06-07 11:20:06.082000,1.21,VM-T3,1000,39f69d91-73d8-4551-bcbe-87071437e151
481,admin_VM-T3_1000_240607-11:20:05.266471.json,2024-06-07 11:20:05.752000,2024-06-07 11:20:07.248000,1.496,VM-T3,1000,121bbf0d-5f72-4130-8d07-af1ef7da842f
482,admin_VM-T3_1000_240607-11:20:06.263290.json,2024-06-07 11:20:06.749000,2024-06-07 11:20:07.992000,1.243,VM-T3,1000,5ba266f9-11c1-4c0d-b3e4-ece43620d023
483,admin_VM-T3_1000_240607-11:20:07.258559.json,2024-06-07 11:20:07.797000,2024-06-07 11:20:09.199000,1.402,VM-T3,1000,2fe084aa-2b85-434f-8d86-2c45637dcf1a
484,admin_VM-T3_1000_240607-11:20:08.263300.json,2024-06-07 11:20:08.847000,2024-06-07 11:20:10.122000,1.275,VM-T3,1000,dfb0f004-323b-40ca-a140-7f5cedf62049
485,admin_VM-T3_1000_240607-11:20:09.253856.json,2024-06-07 11:20:09.782000,2024-06-07 11:20:11.145000,1.363,VM-T3,1000,23639f45-8232-48d4-b316-459e3163c100
486,admin_VM-T3_1000_240607-11:20:10.255877.json,2024-06-07 11:20:10.818000,2024-06-07 11:20:12.164000,1.346,VM-T3,1000,3d4d1d85-cfd7-40c4-8802-cd9d1b23f72c
487,admin_VM-T3_1000_240607-11:20:11.351945.json,2024-06-07 11:20:11.894000,2024-06-07 11:20:13.640000,1.746,VM-T3,1000,e4de45f6-5725-4cea-91b1-b1f8a25a571d
488,admin_VM-T3_1000_240607-11:20:12.281715.json,2024-06-07 11:20:12.879000,2024-06-07 11:20:14.177000,1.298,VM-T3,1000,06f68325-025a-4bd6-a182-b2001b5c633d
489,admin_VM-T3_1000_240607-11:20:13.301781.json,2024-06-07 11:20:13.849000,2024-06-07 11:20:15.527000,1.678,VM-T3,1000,8625e339-2622-4724-8439-076b2b1f57a4
490,admin_VM-T3_1000_240607-11:20:14.299512.json,2024-06-07 11:20:14.818000,2024-06-07 11:20:16.071000,1.253,VM-T3,1000,6e36f6cb-736f-49db-8ad7-c5991426da87
491,admin_VM-T3_1000_240607-11:20:02.245300.json,2024-06-07 11:20:02.763000,2024-06-07 11:20:16.220000,13.457,VM-T3,1000,4a54d18b-3375-4946-8c03-5f7ae78bc70e
492,admin_VM-T3_1000_240607-11:20:15.301516.json,2024-06-07 11:20:15.805000,2024-06-07 11:20:17.539000,1.734,VM-T3,1000,db66f45f-0ab6-4118-ba4e-6f328e19674e
493,admin_VM-T3_1000_240607-11:20:16.298545.json,2024-06-07 11:20:16.833000,2024-06-07 11:20:18.031000,1.198,VM-T3,1000,1193f70c-5003-4131-ba1a-894947c38c16
494,admin_VM-T3_1000_240607-11:20:17.287837.json,2024-06-07 11:20:17.846000,2024-06-07 11:20:19.419000,1.573,VM-T3,1000,8b77dd68-5beb-4d71-99b7-6e6a68e81e3d
495,admin_VM-T3_1000_240607-11:20:18.281919.json,2024-06-07 11:20:18.803000,2024-06-07 11:20:19.939000,1.136,VM-T3,1000,9ad7ede6-fc8d-4bcb-8241-94422e247ead
496,admin_VM-T3_1000_240607-11:20:19.356788.json,2024-06-07 11:20:19.957000,2024-06-07 11:20:21.282000,1.325,VM-T3,1000,caef7286-c0d7-4118-97f2-15128e5b1c2f
497,admin_VM-T3_1000_240607-11:20:20.258343.json,2024-06-07 11:20:20.771000,2024-06-07 11:20:22.079000,1.308,VM-T3,1000,4edaeb39-2a1f-4428-a917-2730499a2590
498,admin_VM-T3_1000_240607-11:20:21.262528.json,2024-06-07 11:20:21.817000,2024-06-07 11:20:23.175000,1.358,VM-T3,1000,e0f1f006-cb86-4295-a935-de6c386ba7d8
499,admin_VM-T3_1000_240607-11:20:22.262586.json,2024-06-07 11:20:22.834000,2024-06-07 11:20:24.086000,1.252,VM-T3,1000,05a0fb10-ba01-46d2-975b-253484001f57
500,admin_VM-T3_1000_240607-11:20:23.250432.json,2024-06-07 11:20:28.758000,2024-06-07 11:20:29.895000,1.137,VM-T3,1000,c9a4e029-991d-4346-82fb-6d7b99646f4d
501,admin_VM-T3_1000_240607-11:20:28.559492.json,2024-06-07 11:20:28.755000,2024-06-07 11:20:30.050000,1.295,VM-T3,1000,d4771900-8448-4f67-a2e6-c3655972198e
502,admin_VM-T3_1000_240607-11:20:29.259172.json,2024-06-07 11:20:30.015000,2024-06-07 11:20:31.302000,1.287,VM-T3,1000,d6c82068-db70-462a-bec0-84c789669153
503,admin_VM-T3_1000_240607-11:20:30.255618.json,2024-06-07 11:20:30.768000,2024-06-07 11:20:32.129000,1.361,VM-T3,1000,b9174e92-c7b9-4f46-98bc-2dc39477d536
504,admin_VM-T3_1000_240607-11:20:31.255029.json,2024-06-07 11:20:31.774000,2024-06-07 11:20:33.234000,1.46,VM-T3,1000,ac657b6f-87d8-4ce3-9d56-8147cb82d2da
505,admin_VM-T3_1000_240607-11:20:32.253772.json,2024-06-07 11:20:32.768000,2024-06-07 11:20:34.253000,1.485,VM-T3,1000,057a3742-bd62-42cd-b354-040a2a74f895
506,admin_VM-T3_1000_240607-11:20:33.251084.json,2024-06-07 11:20:33.787000,2024-06-07 11:20:34.848000,1.061,VM-T3,1000,1c11fc01-4c48-418e-b4f0-15b8a4ebbd29
507,admin_VM-T3_1000_240607-11:20:34.255852.json,2024-06-07 11:20:34.721000,2024-06-07 11:20:36.085000,1.364,VM-T3,1000,bc209c72-5354-4a09-b2dc-a33b9cbce328
508,admin_VM-T3_1000_240607-11:20:35.255016.json,2024-06-07 11:20:35.787000,2024-06-07 11:20:36.955000,1.168,VM-T3,1000,57ac38bf-e800-4508-9093-4be0be154eb3
509,admin_VM-T3_1000_240607-11:20:36.252086.json,2024-06-07 11:20:36.771000,2024-06-07 11:20:38.120000,1.349,VM-T3,1000,f914779f-9502-423a-9f4d-11ebd8bea08b
510,admin_VM-T3_1000_240607-11:20:37.257813.json,2024-06-07 11:20:37.788000,2024-06-07 11:20:38.988000,1.2,VM-T3,1000,6727c520-40a1-4165-a385-85586c19df78
511,admin_VM-T3_1000_240607-11:20:38.250582.json,2024-06-07 11:20:38.784000,2024-06-07 11:20:40.509000,1.725,VM-T3,1000,dd8c4fe7-1eec-4fec-8448-016494a1cc51
512,admin_VM-T3_1000_240607-11:20:39.253453.json,2024-06-07 11:20:39.741000,2024-06-07 11:20:41.023000,1.282,VM-T3,1000,f26817c0-c2ce-44b7-9355-b6c1f18cb30a
513,admin_VM-T3_1000_240607-11:20:40.258190.json,2024-06-07 11:20:40.799000,2024-06-07 11:20:42.316000,1.517,VM-T3,1000,99622b85-f7aa-4390-8606-6832313272d8
514,admin_VM-T3_1000_240607-11:20:41.251315.json,2024-06-07 11:20:41.749000,2024-06-07 11:20:43.246000,1.497,VM-T3,1000,badd1ea4-95bc-4138-91ed-ae1914baab37
515,admin_VM-T3_1000_240607-11:20:42.251945.json,2024-06-07 11:20:42.784000,2024-06-07 11:20:44.578000,1.794,VM-T3,1000,7c7b6362-ded4-4df8-bfe5-6ae00f4c0bd0
516,admin_VM-T3_1000_240607-11:20:43.252508.json,2024-06-07 11:20:43.757000,2024-06-07 11:20:44.958000,1.201,VM-T3,1000,c59cedd1-e3fd-40d7-86be-9c926c570fb9
517,admin_VM-T3_1000_240607-11:20:44.258646.json,2024-06-07 11:20:44.766000,2024-06-07 11:20:46.194000,1.428,VM-T3,1000,99f772a8-4e07-4372-94ad-bbd849c69122
518,admin_VM-T3_1000_240607-11:20:45.259582.json,2024-06-07 11:20:45.803000,2024-06-07 11:20:46.991000,1.188,VM-T3,1000,e9891edd-78ad-4846-8af2-f79bb1d2f726
519,admin_VM-T3_1000_240607-11:20:46.253008.json,2024-06-07 11:20:46.784000,2024-06-07 11:20:48.384000,1.6,VM-T3,1000,07fbd7eb-54ac-4a5a-88f5-68e67f61d1d9
520,admin_VM-T3_1000_240607-11:20:47.252851.json,2024-06-07 11:20:47.771000,2024-06-07 11:20:49.236000,1.465,VM-T3,1000,a1919a66-1c6c-48f0-a03f-f66dbac5de3c
521,admin_VM-T3_1000_240607-11:20:48.249500.json,2024-06-07 11:20:48.800000,2024-06-07 11:20:50.069000,1.269,VM-T3,1000,26face87-4b8b-4c82-913e-1beb66b1bf8c
522,admin_VM-T3_1000_240607-11:20:49.252152.json,2024-06-07 11:20:49.776000,2024-06-07 11:20:51.078000,1.302,VM-T3,1000,8c7996f0-540e-4d24-b5da-42bf510ff497
523,admin_VM-T3_1000_240607-11:20:50.258300.json,2024-06-07 11:20:50.801000,2024-06-07 11:20:52.386000,1.585,VM-T3,1000,b4707e38-6d4f-4ea5-a3fe-e46757112505
524,admin_VM-T3_1000_240607-11:20:51.257430.json,2024-06-07 11:20:51.787000,2024-06-07 11:20:52.907000,1.12,VM-T3,1000,c48b51f0-a2a6-4a57-a717-3b7aaa6fe368
525,admin_VM-T3_1000_240607-11:20:52.257701.json,2024-06-07 11:20:52.834000,2024-06-07 11:20:54.226000,1.392,VM-T3,1000,193cac2b-a72d-412d-b9d2-d199c72ff45b
526,admin_VM-T3_1000_240607-11:20:53.252364.json,2024-06-07 11:20:53.788000,2024-06-07 11:20:54.928000,1.14,VM-T3,1000,6fe24788-d0e8-4c67-806b-aff7b75ff1eb
527,admin_VM-T3_1000_240607-11:20:54.257230.json,2024-06-07 11:20:54.769000,2024-06-07 11:20:56.404000,1.635,VM-T3,1000,268e15aa-4658-4530-92d8-79ba6d695b46
528,admin_VM-T3_1000_240607-11:20:55.252834.json,2024-06-07 11:20:55.787000,2024-06-07 11:20:57.071000,1.284,VM-T3,1000,37357bc2-8912-4f0f-ae92-8212a158ad86
529,admin_VM-T3_1000_240607-11:20:56.256237.json,2024-06-07 11:20:56.738000,2024-06-07 11:20:58.481000,1.743,VM-T3,1000,7d82f165-9247-404b-a86e-83fb76762387
530,admin_VM-T3_1000_240607-11:20:57.287158.json,2024-06-07 11:20:57.835000,2024-06-07 11:20:59.107000,1.272,VM-T3,1000,bb536417-0744-4293-86e1-d8c4b4553111
531,admin_VM-T3_1000_240607-11:20:58.270430.json,2024-06-07 11:20:58.739000,2024-06-07 11:21:00.288000,1.549,VM-T3,1000,3686238c-8758-4466-9069-102fb9e4cc0a
532,admin_VM-T3_1000_240607-11:20:59.254848.json,2024-06-07 11:20:59.758000,2024-06-07 11:21:00.961000,1.203,VM-T3,1000,a6cb8f47-5b82-4fe5-85fd-ec2cbc90d845
533,admin_VM-T3_1000_240607-11:21:00.312987.json,2024-06-07 11:21:00.880000,2024-06-07 11:21:02.664000,1.784,VM-T3,1000,77e9b16c-4129-4a45-af5d-94a5dea99dbc
534,admin_VM-T3_1000_240607-11:21:01.380079.json,2024-06-07 11:21:01.929000,2024-06-07 11:21:03.001000,1.072,VM-T3,1000,362f56fb-4639-4b01-81db-9100c26ced40
535,admin_VM-T3_1000_240607-11:21:02.256863.json,2024-06-07 11:21:02.841000,2024-06-07 11:21:04.615000,1.774,VM-T3,1000,132f8f46-d9fc-495f-889b-5830d3e37965
536,admin_VM-T3_1000_240607-11:21:03.260990.json,2024-06-07 11:21:03.820000,2024-06-07 11:21:05.023000,1.203,VM-T3,1000,28a5d640-a60c-436d-a42e-05d1ce2edfb1
537,admin_VM-T3_1000_240607-11:21:04.257783.json,2024-06-07 11:21:04.758000,2024-06-07 11:21:06.294000,1.536,VM-T3,1000,7f6d8fd7-817b-4a55-85d9-7bc554fcece2
538,admin_VM-T3_1000_240607-11:21:05.257951.json,2024-06-07 11:21:05.819000,2024-06-07 11:21:07.082000,1.263,VM-T3,1000,8d178e52-7ce7-4a7a-955f-9f2bdff35c83
539,admin_VM-T1_1_240607-11:39:52.887497.json,2024-06-07 11:39:53.633000,2024-06-07 11:39:53.759000,0.126,VM-T1,1,bcd9fbb9-7324-4a78-94cf-1a0a1741a5c6
540,admin_VM-T1_1000_240607-11:43:39.362796.json,2024-06-07 11:43:39.982000,2024-06-07 11:43:41.229000,1.247,VM-T1,1000,9bac8637-5963-492b-adb0-7c3eaaf7860b
541,admin_VM-T1_1000_240607-11:46:18.318679.json,2024-06-07 11:46:18.932000,2024-06-07 11:46:20.124000,1.192,VM-T1,1000,dd3cccfb-653a-4a44-bf93-413432219ba4
542,admin_VM-T1_1000_240607-12:00:00.273351.json,2024-06-07 12:00:02.504000,2024-06-07 12:00:03.754000,1.25,VM-T1,1000,013ada8f-0309-4827-9b39-adaf76d6df1c
543,admin_VM-T5_1000_240607-13:00:00.280065.json,2024-06-07 13:00:02.640000,2024-06-07 13:00:03.576000,0.936,VM-T5,1000,2d423569-941d-47a5-890d-dfd53c30612f
544,admin_VM-T5_1000_240607-14:00:00.381031.json,2024-06-07 14:00:02.801000,2024-06-07 14:00:03.595000,0.794,VM-T5,1000,807e6207-51db-4121-bd72-d2922ad00289
545,admin_VM-T5_1000_240607-15:00:00.252197.json,2024-06-07 15:00:02.554000,2024-06-07 15:00:04.033000,1.479,VM-T5,1000,7b5baaf2-0964-4b7d-8210-a2f49a2c389a
546,admin_VM-T5_1000_240607-16:00:00.262027.json,2024-06-07 16:00:02.777000,2024-06-07 16:00:03.709000,0.932,VM-T5,1000,e22b08ad-178e-4824-8f90-b7ff8b107c82
547,admin_VM-T5_1000_240607-17:00:00.247205.json,2024-06-07 17:00:02.816000,2024-06-07 17:00:03.973000,1.157,VM-T5,1000,f0d452d2-652b-4ea5-bf24-4421b7b36fd7
548,admin_VM-T5_1000_240607-18:00:00.250797.json,2024-06-07 18:00:02.688000,2024-06-07 18:00:04.122000,1.434,VM-T5,1000,2618bbca-3ae9-4dd7-a07a-d39963b93104
549,admin_VM-T5_1000_240607-19:00:00.250521.json,2024-06-07 19:00:02.405000,2024-06-07 19:00:03.620000,1.215,VM-T5,1000,d303b039-f0f9-4eba-ba9e-eb79ed6cec97
550,admin_VM-T5_1000_240607-20:00:00.251420.json,2024-06-07 20:00:02.450000,2024-06-07 20:00:03.688000,1.238,VM-T5,1000,1e38ec53-0874-40d3-a68e-e764264deb9e
551,admin_VM-T5_1000_240607-21:00:00.255135.json,2024-06-07 21:00:02.684000,2024-06-07 21:00:04.125000,1.441,VM-T5,1000,9eed67c6-db94-4d69-b2b1-7dc5211b01fc
552,admin_VM-T5_1000_240607-22:00:00.259505.json,2024-06-07 22:00:02.492000,2024-06-07 22:00:03.434000,0.942,VM-T5,1000,c76aed20-c1d0-4698-8316-98b074a9336b
553,admin_VM-T5_1000_240607-23:00:00.251904.json,2024-06-07 23:00:02.606000,2024-06-07 23:00:04.194000,1.588,VM-T5,1000,6d20dc33-aa17-4c90-af8a-362f61bcfe49
554,admin_VM-T6_1000_240610-08:31:00.294808.json,2024-06-10 08:31:05.630000,2024-06-10 08:31:06.805000,1.175,VM-T6,1000,63de9b27-82aa-45b1-a350-62127912b70b
555,admin_VM-T6_1000_240610-08:32:00.234940.json,2024-06-10 08:32:00.792000,2024-06-10 08:32:01.953000,1.161,VM-T6,1000,5923d496-5465-4715-81dd-e7cd58164510
556,admin_VM-T6_1000_240610-08:33:00.231477.json,2024-06-10 08:33:00.821000,2024-06-10 08:33:01.906000,1.085,VM-T6,1000,a1906761-17cd-46fc-8809-abc9b7aac745
557,admin_VM-T6_1000_240610-08:34:00.266379.json,2024-06-10 08:34:00.797000,2024-06-10 08:34:02.022000,1.225,VM-T6,1000,50cc8b68-9385-44ac-9d3e-32cb523f9d7e
558,admin_VM-T6_1000_240610-08:35:00.234811.json,2024-06-10 08:35:00.763000,2024-06-10 08:35:02.042000,1.279,VM-T6,1000,bb1e1674-7374-4901-a47d-22ebe735e591
559,admin_VM-T6_1000_240610-08:36:00.236820.json,2024-06-10 08:36:00.808000,2024-06-10 08:36:01.958000,1.15,VM-T6,1000,ed72953d-7549-4a06-b627-1ff860d73489
560,admin_VM-T6_1000_240610-08:37:00.230851.json,2024-06-10 08:37:00.771000,2024-06-10 08:37:01.984000,1.213,VM-T6,1000,8ebb9363-4e1a-4e13-82c7-8d9feca81614
561,admin_VM-T6_1000_240610-08:38:00.241816.json,2024-06-10 08:38:00.813000,2024-06-10 08:38:01.930000,1.117,VM-T6,1000,bccd4fae-8392-48c5-8d68-305f751373ad
562,admin_VM-T6_1000_240610-08:39:00.235309.json,2024-06-10 08:39:00.826000,2024-06-10 08:39:02.076000,1.25,VM-T6,1000,baae8986-0c4d-47a3-8c24-f630a330d7e2
563,admin_VM-T6_1000_240610-08:40:00.237752.json,2024-06-10 08:40:00.776000,2024-06-10 08:40:02.108000,1.332,VM-T6,1000,1710754d-cf9d-4f54-a2d0-3e0cae7c9c1e
564,admin_VM-T6_1000_240610-08:41:00.230194.json,2024-06-10 08:41:00.740000,2024-06-10 08:41:01.866000,1.126,VM-T6,1000,1a7a5e2c-4b63-415e-9643-ab2b5d7f12b5
565,admin_VM-T2_10000_240611-11:29:41.203830.json,2024-06-11 11:29:44.771000,2024-06-11 11:29:57.030000,12.259,VM-T2,10000,6d19f391-3c89-43bb-8828-4dada4dde909
